time,subj_course_id,sec_code,sec_id,prof,available,waitlist,total,enrolled_ct
1696417846698,AAS 10,A01,205440,Butler; Elizabeth Annette,1,4,34,33
1696417846698,AAS 10,A02,205441,Butler; Elizabeth Annette,0,2,34,34
1696417847121,AAS 170,A00,205442,Butler; Elizabeth Annette,2,1,32,30
1696417847554,AESE 278A,A00,210106,Wade; Jon P,7,0,40,33
1696417847978,AESE 279A,A00,210107,Zak; Alexander,7,0,40,33
1696417848413,AIP 97,001,363409,Goldfarb; Brian,50,0,50,0
1696417848413,AIP 97,002,363990,Reuther; Keefe,49,0,50,1
1696417848413,AIP 97,003,366078,Mukamel; Eran A,49,0,50,1
1696417848413,AIP 97,004,366251,Root; Cory Matthew,50,0,50,0
1696417848882,AIP 197,001,209376,Viirre; Erik,5,0,5,0
1696417848882,AIP 197,002,352239,Danks; David J,9998,0,9999,1
1696417848882,AIP 197,003,352450,Crandall; Jordan,9998,0,9999,1
1696417848882,AIP 197,004,358558,Reuther; Keefe,9999,0,9999,0
1696417848882,AIP 197,005,358559,Karmarkar; Uma R,9998,0,9999,1
1696417848882,AIP 197,006,358562,Zilberg; Elana,9998,0,9999,1
1696417848882,AIP 197,007,359231,Theodorakis; Emmanuel,9997,0,9999,2
1696417848882,AIP 197,008,361475,Voytek; Bradley Thomas,9998,0,9999,1
1696417848882,AIP 197,009,362774,Floyd; Eric,9998,0,9999,1
1696417848882,AIP 197,010,362775,Reuther; Keefe,9999,0,9999,0
1696417848882,AIP 197,011,362800,Farley; Emma Kristen,9998,0,9999,1
1696417848882,AIP 197,012,362801,Li; Tzumao,9997,0,9999,2
1696417848882,AIP 197,013,362858,Vespa; Emanuel Ignacio,9996,0,9999,3
1696417848882,AIP 197,014,362949,McAuley; Julian John,9998,0,9999,1
1696417848882,AIP 197,015,363180,Lewis; Kevin Michael,9998,0,9999,1
1696417848882,AIP 197,016,363198,Root; Cory Matthew,9991,0,9999,8
1696417848882,AIP 197,017,363295,Griswold; William G.,9998,0,9999,1
1696417848882,AIP 197,018,363296,Lubarda; Marko,9998,0,9999,1
1696417848882,AIP 197,019,363447,Kuester; Falko,10,0,10,0
1696417848882,AIP 197,020,363448,Vahabzadeh-Hagh; Andrew Me,10,0,10,0
1696417848882,AIP 197,021,363496,Nitz; Douglas A.,9,0,10,1
1696417848882,AIP 197,022,363895,Lau; Samuel Ethan,9998,0,9999,1
1696417848882,AIP 197,023,365784,Deutsch; Alin Bernard,9999,0,9999,0
1696417848882,AIP 197,024,366235,Schmidt; Thomas Rainer,9999,0,9999,0
1696417848882,AIP 197,025,366239,Yang; K. Wayne,9999,0,9999,0
1696417849306,AIP 197DC,001,209377,Hill; Seth J,14,0,31,17
1696417849729,AIP 197P,001,209379,Goldfarb; Brian,120,0,120,0
1696417850152,AIP 197T,A00,209380,Anderson; Patrick W.,9998,0,9999,1
1696417850578,ANAR 100,A00,300382,Fortier; Jana,1,0,20,19
1696417851003,ANAR 104,B01,300928,Staff,2,0,25,23
1696417851864,ANAR 116,A00,209728,Shtienberg; Gilad,21,0,30,9
1696417852286,ANAR 120,A00,209729,Garvin; Arianna Christina,3,0,32,29
1696417852710,ANAR 166,A00,209744,Staff,51,0,75,24
1696417853133,ANBI 118,A00,209745,Fox; Patrick Keolu Ozer,4,0,32,28
1696417853558,ANBI 131,A00,209746,Non; Amy L,2,3,100,98
1696417853984,ANBI 136,A00,209747,Semendeferi; Ekaterini,0,0,0,22
1696417854407,ANBI 141,A00,209748,Gagneux; Pascal,2,4,220,218
1696417854833,ANBI 145,A00,209749,Hrvoj Mihic; Branka,2,0,32,30
1696417855261,ANBI 175,A00,209754,Hrvoj Mihic; Branka,18,0,32,14
1696417856119,ANES 229,A00,290733,Weinstein; Lawrence,3,0,3,0
1696417856548,ANES 296,001,290703,Gabriel; Rodney A,8,0,10,2
1696417856548,ANES 296,002,290704,Staff,10,0,10,0
1696417856972,ANSC 100,A00,209755,Yeh; Rihan Wen Xin,13,0,30,17
1696417857401,ANSC 121,A00,209756,Sloane; Julia Kathryn,0,3,56,56
1696417857828,ANSC 124,A00,209757,Bialecki; Jon Anthony,1,0,30,29
1696417858680,ANSC 148,A00,209759,Wilson; Brenda K,11,0,70,59
1696417859104,ANSC 164,A00,209795,Varma; Saiba,0,4,40,40
1696417859531,ANSC 169,A00,209802,Fortier; Jana,0,1,25,25
1696417859959,ANSC 190,A00,209804,Jassal; Aftab,2,0,60,58
1696417860383,ANSC 193,A00,209805,Pedersen; David,13,0,75,62
1696417860811,ANTH 1,A00,209655,Jassal; Aftab,1,3,146,145
1696417861241,ANTH 2,A01,209657,Wilder; Linnea Lorene,1,1,44,43
1696417861241,ANTH 2,A02,209658,Wilder; Linnea Lorene,1,2,44,43
1696417861241,ANTH 2,A03,209659,Wilder; Linnea Lorene,0,3,44,44
1696417861241,ANTH 2,A04,209660,Wilder; Linnea Lorene,0,1,44,44
1696417861241,ANTH 2,A05,209661,Wilder; Linnea Lorene,0,2,44,44
1696417861241,ANTH 2,A06,355180,Wilder; Linnea Lorene,0,1,44,44
1696417861669,ANTH 4,A01,209663,Yeh; Rihan Wen Xin,0,0,42,42
1696417861669,ANTH 4,A02,209664,Yeh; Rihan Wen Xin,0,0,42,42
1696417861669,ANTH 4,A03,209665,Yeh; Rihan Wen Xin,1,1,42,41
1696417862097,ANTH 10,A00,209666,Stewart; Alexander B,2,2,250,248
1696417862523,ANTH 21,A01,209671,Stone; Annika Britt,0,4,35,35
1696417862523,ANTH 21,A02,209672,Stone; Annika Britt,0,4,35,35
1696417862523,ANTH 21,A03,209673,Stone; Annika Britt,1,3,35,34
1696417862523,ANTH 21,A04,209674,Stone; Annika Britt,0,6,35,35
1696417862523,ANTH 21,A05,209675,Stone; Annika Britt,1,4,35,34
1696417862523,ANTH 21,A06,209676,Stone; Annika Britt,0,4,35,35
1696417862523,ANTH 21,A07,209687,Stone; Annika Britt,0,4,35,35
1696417862523,ANTH 21,A08,209688,Stone; Annika Britt,0,4,35,35
1696417862523,ANTH 21,A09,209692,Stone; Annika Britt,0,5,35,35
1696417862523,ANTH 21,A10,209693,Stone; Annika Britt,0,4,35,35
1696417862949,ANTH 23,A01,209695,Stewart; Alexander B,0,1,36,36
1696417862949,ANTH 23,A02,209696,Stewart; Alexander B,1,1,36,35
1696417862949,ANTH 23,A04,209698,Stewart; Alexander B,0,0,36,36
1696417862949,ANTH 23,A05,209719,Stewart; Alexander B,1,1,36,35
1696417862949,ANTH 23,A06,209724,Stewart; Alexander B,1,0,36,35
1696417862949,ANTH 23,A07,209725,Stewart; Alexander B,0,2,38,38
1696417863382,ANTH 87,A00,300338,Jordan; David K.,3,0,20,17
1696417863382,ANTH 87,B00,300339,Jordan; David K.,0,2,20,20
1696417863818,ANTH 101,B01,352887,Goldstein; Paul S,8,0,35,27
1696417863818,ANTH 101,B02,352888,Goldstein; Paul S,1,0,35,34
1696417863818,ANTH 101,B03,352889,Goldstein; Paul S,0,0,4,4
1696417863818,ANTH 101,B04,352916,Goldstein; Paul S,25,0,35,10
1696417864244,ANTH 105,B00,363174,Bialecki; Jon Anthony,0,4,50,51
1696417864669,ANTH 108,A00,209842,Sloane; Julia Kathryn,0,1,32,32
1696417865093,ANTH 109,A00,209843,Rivera-Collazo; Isabel C,29,0,70,41
1696417865516,ANTH 196A,A00,209844,Varma; Saiba,6,0,20,14
1696417865946,ANTH 200,A00,209845,Parish; Steven Martin,9,0,10,1
1696417865946,ANTH 200,C00,300383,Staff,0,0,0,0
1696417866374,ANTH 203,A00,209885,Gagneux; Pascal,0,2,15,15
1696417866798,ANTH 230,A00,299665,Goldstein; Paul S,5,0,18,13
1696417867223,ANTH 268,A00,256526,Gere; Catherina M.,2,0,5,3
1696417867645,ANTH 273,A00,256543,Gates; Kelly,0,1,0,3
1696417868075,ANTH 281A,B00,300610,Pedersen; David,9,0,15,6
1696417868499,ANTH 284,A00,210104,Brenner; Suzanne A,7,0,15,8
1696417868927,ANTH 285,B00,300378,Algaze; Guillermo,0,1,10,10
1696417869363,ANTH 295,001,296361,Rivera-Collazo; Isabel C,3,0,3,0
1696417869363,ANTH 295,002,296362,Fox; Patrick Keolu Ozer,3,0,3,0
1696417869363,ANTH 295,003,296363,Marchetto; Maria Carolina,3,0,3,0
1696417869363,ANTH 295,004,296364,Non; Amy L,3,0,3,0
1696417869363,ANTH 295,005,296365,Brenner; Suzanne A,3,0,3,0
1696417869363,ANTH 295,006,296366,Pedersen; David,0,0,3,3
1696417869363,ANTH 295,007,296367,Jassal; Aftab,3,0,3,0
1696417869363,ANTH 295,008,296368,Yeh; Rihan Wen Xin,2,0,3,1
1696417869363,ANTH 295,009,296369,Jenkins; Janis A.,3,0,3,0
1696417869363,ANTH 295,010,296370,Gagneux; Pascal,3,0,3,0
1696417869363,ANTH 295,011,296371,Goldstein; Paul S,1,0,3,2
1696417869363,ANTH 295,012,296372,Csordas; Thomas J.,3,0,3,0
1696417869363,ANTH 295,013,296440,Kang; Byung Chu,3,0,3,0
1696417869363,ANTH 295,014,296530,Hankins; Joseph D.,3,0,3,0
1696417869363,ANTH 295,015,296531,Varma; Saiba,2,0,3,1
1696417869363,ANTH 295,016,299666,D'Alpoim Guedes; Jade A,4,0,5,1
1696417869363,ANTH 295,017,299667,Algaze; Guillermo,5,0,5,0
1696417869799,ANTH 296,001,296532,Brenner; Suzanne A,3,0,3,0
1696417869799,ANTH 296,002,296533,Non; Amy L,2,0,5,3
1696417869799,ANTH 296,003,296534,Semendeferi; Ekaterini,3,0,3,0
1696417869799,ANTH 296,004,296535,Pedersen; David,1,0,3,2
1696417869799,ANTH 296,005,296536,Levy; Thomas E,3,0,3,0
1696417869799,ANTH 296,006,296537,Goldstein; Paul S,3,0,3,0
1696417869799,ANTH 296,007,296538,Hankins; Joseph D.,2,0,3,1
1696417869799,ANTH 296,008,296539,Braswell; Geoffrey E.,3,0,3,0
1696417869799,ANTH 296,009,296540,Postero; Nancy Grey,3,0,3,0
1696417869799,ANTH 296,010,296541,Varma; Saiba,3,0,3,0
1696417869799,ANTH 296,011,296542,Marchetto; Maria Carolina,3,0,3,0
1696417869799,ANTH 296,012,296552,Jenkins; Janis A.,3,0,3,0
1696417869799,ANTH 296,013,296553,Yeh; Rihan Wen Xin,2,0,3,1
1696417869799,ANTH 296,014,296554,Brenner; Suzanne A,3,0,3,0
1696417869799,ANTH 296,015,296560,Csordas; Thomas J.,3,0,3,0
1696417869799,ANTH 296,016,296564,Rivera-Collazo; Isabel C,3,0,3,0
1696417869799,ANTH 296,017,296566,Fox; Patrick Keolu Ozer,3,0,3,0
1696417869799,ANTH 296,018,296570,Gagneux; Pascal,3,0,3,0
1696417869799,ANTH 296,019,296571,Jassal; Aftab,3,0,3,0
1696417869799,ANTH 296,020,296573,Kang; Byung Chu,3,0,3,0
1696417869799,ANTH 296,021,296578,Algaze; Guillermo,2,0,3,1
1696417869799,ANTH 296,022,299668,D'Alpoim Guedes; Jade A,5,0,5,0
1696417870223,ANTH 297,001,300957,Jenkins; Janis A.,3,0,4,1
1696417870646,AUD 236,A00,210108,Harris; Jeffrey Paul,2,0,6,4
1696417871070,AUD 257,A00,210110,Zettner; Erika,0,0,11,11
1696417871495,AUD 271,A00,210111,Spriggs; Meghan K,0,0,11,11
1696417871918,AUD 274,A00,210112,Zettner; Erika,0,0,11,11
1696417872343,AUD 284,A00,210114,Zettner; Erika,1,0,7,6
1696417872343,AUD 284,B00,210116,Spriggs; Meghan K,5,0,10,5
1696417872771,AUD 291,A00,210118,Spriggs; Meghan K,0,0,11,11
1696417873197,AUD 296,A00,210119,Zettner; Erika,0,0,11,11
1696417873655,AWP 3,002,212540,Given; William Allan,2,0,15,13
1696417873655,AWP 3,005,212564,Gilbert; Peter W,0,0,14,14
1696417873655,AWP 3,006,212567,Gilbert; Peter W,1,0,14,13
1696417873655,AWP 3,007,212568,Gilmore; Lauren Monica,1,1,15,14
1696417873655,AWP 3,008,212569,Gilmore; Lauren Monica,0,0,14,14
1696417873655,AWP 3,009,212574,Eastin; Schuyler E.,0,0,14,14
1696417873655,AWP 3,010,212578,Gilmore; Lauren Monica,0,0,14,14
1696417873655,AWP 3,011,212585,Eastin; Schuyler E.,0,0,14,14
1696417873655,AWP 3,012,212586,Eastin; Schuyler E.,0,0,14,14
1696417873655,AWP 3,015,212602,Gilbert; Peter W,0,0,14,14
1696417873655,AWP 3,019,212612,Heiser; Jerrod A,0,0,14,14
1696417873655,AWP 3,020,212616,Staff,0,0,14,14
1696417873655,AWP 3,022,212629,Heiser; Jerrod A,0,0,14,14
1696417873655,AWP 3,023,212632,Heiser; Jerrod A,0,0,14,14
1696417873655,AWP 3,025,212643,Sartor; Alexandra,0,0,14,14
1696417873655,AWP 3,026,212644,Sartor; Alexandra,0,0,15,15
1696417873655,AWP 3,027,212645,Christie; Veronica Ann,0,0,15,15
1696417873655,AWP 3,029,212654,Christie; Veronica Ann,0,0,14,14
1696417873655,AWP 3,030,212661,Christie; Veronica Ann,0,0,14,14
1696417873655,AWP 3,031,212662,Wilson; Natalie Ann,0,0,15,15
1696417873655,AWP 3,032,212667,Wilson; Natalie Ann,0,0,14,14
1696417873655,AWP 3,034,212678,Wilson; Natalie Ann,0,0,14,14
1696417873655,AWP 3,035,212681,Steinberg; Stacy A,0,0,15,15
1696417873655,AWP 3,036,212682,Steinberg; Stacy A,0,0,14,14
1696417873655,AWP 3,037,212683,Falcon; Jennifer A,0,0,15,15
1696417873655,AWP 3,038,212688,Falcon; Jennifer A,1,0,14,13
1696417873655,AWP 3,040,212699,Falcon; Jennifer A,0,0,14,14
1696417873655,AWP 3,043,212773,O'Neil; Courtney L,0,0,15,15
1696417873655,AWP 3,044,212776,O'Neil; Courtney L,0,0,14,14
1696417873655,AWP 3,045,212777,Spicer; Jacqueline,0,0,14,14
1696417873655,AWP 3,046,212778,O'Neil; Courtney L,0,0,14,14
1696417873655,AWP 3,047,212779,Spicer; Jacqueline,0,0,15,15
1696417873655,AWP 3,048,212786,Spicer; Jacqueline,0,0,14,14
1696417873655,AWP 3,049,212787,Tsurska Svetina; Olena,0,0,15,15
1696417873655,AWP 3,050,212790,Tsurska Svetina; Olena,0,0,14,14
1696417873655,AWP 3,051,212791,Chandler; Bailee Daniele,0,0,15,15
1696417873655,AWP 3,052,213010,Tsurska Svetina; Olena,0,0,14,14
1696417873655,AWP 3,053,213011,Chandler; Bailee Daniele,0,0,14,14
1696417873655,AWP 3,054,213014,Chandler; Bailee Daniele,0,0,14,14
1696417873655,AWP 3,055,213021,Ajo; Frances Margaret,0,0,15,15
1696417873655,AWP 3,056,213022,Ajo; Frances Margaret,0,0,14,14
1696417873655,AWP 3,057,213026,Zroka; Amy Liane,0,0,15,15
1696417873655,AWP 3,058,213233,Ajo; Frances Margaret,0,0,14,14
1696417873655,AWP 3,059,213239,Zroka; Amy Liane,0,0,14,14
1696417873655,AWP 3,060,213244,Zroka; Amy Liane,0,0,14,14
1696417873655,AWP 3,061,213247,Grant; Melinda G,0,0,14,14
1696417873655,AWP 3,062,213248,Grant; Melinda G,0,0,14,14
1696417873655,AWP 3,063,213251,Kolodezh; Samuel,0,0,15,15
1696417873655,AWP 3,064,213259,Grant; Melinda G,0,0,14,14
1696417873655,AWP 3,065,213281,Kolodezh; Samuel,0,0,14,14
1696417873655,AWP 3,066,213301,Kolodezh; Samuel,0,0,14,14
1696417873655,AWP 3,067,213323,Setoda; Kayleigh Kumiko,0,0,14,14
1696417873655,AWP 3,068,213330,Setoda; Kayleigh Kumiko,0,0,14,14
1696417873655,AWP 3,069,213352,Vaughn; Kelsey Sara,0,0,14,14
1696417873655,AWP 3,070,213359,Setoda; Kayleigh Kumiko,2,0,15,13
1696417873655,AWP 3,072,213428,Tiernan; Christa Michelle,0,0,14,14
1696417873655,AWP 3,073,213429,Jones; William Jadie,0,0,14,14
1696417873655,AWP 3,074,213440,Jones; William Jadie,0,0,14,14
1696417873655,AWP 3,075,213441,Hall; Graham T,0,0,14,14
1696417873655,AWP 3,076,213442,Jones; William Jadie,0,0,14,14
1696417873655,AWP 3,077,213443,Vaughn; Kelsey Sara,0,0,14,14
1696417873655,AWP 3,078,213444,Vaughn; Kelsey Sara,0,0,14,14
1696417873655,AWP 3,079,213446,West; Geoffrey Scott,0,0,14,14
1696417873655,AWP 3,081,213448,Tiernan; Christa Michelle,0,0,14,14
1696417873655,AWP 3,082,213449,Tiernan; Christa Michelle,0,0,14,14
1696417873655,AWP 3,083,213514,Hall; Graham T,0,0,14,14
1696417873655,AWP 3,084,213515,Hall; Graham T,0,0,14,14
1696417873655,AWP 3,085,362944,Staff,0,0,14,14
1696417874078,AWP 4B,A00,213516,Bauer; Holly Jean,0,1,0,9
1696417874516,BENG 1,A01,216337,Khojah; Reem I,0,1,28,28
1696417874516,BENG 1,A02,216339,Khojah; Reem I,2,0,28,26
1696417874516,BENG 1,A03,279032,Khojah; Reem I,1,0,28,27
1696417874946,BENG 2,A00,216358,Khojah; Reem I,8,0,30,22
1696417875371,BENG 87,A00,353783,Omens; Jeffrey Howard & Mc Culloch; Andrew Douglas,0,0,20,20
1696417875795,BENG 100,A01,216380,Taylor Amos; Alyssa C,20,0,50,30
1696417876227,BENG 110,A01,216397,Mc Culloch; Andrew Douglas,0,0,30,30
1696417876227,BENG 110,A02,216400,Mc Culloch; Andrew Douglas,3,0,32,29
1696417876227,BENG 110,A03,216414,Mc Culloch; Andrew Douglas,17,0,30,13
1696417876654,BENG 119A,A01,216437,Taylor Amos; Alyssa C,17,0,30,13
1696417877077,BENG 122A,A01,216443,Cauwenberghs; Gert,1,0,26,25
1696417877077,BENG 122A,A02,216450,Cauwenberghs; Gert,0,0,25,25
1696417877077,BENG 122A,A03,216451,Cauwenberghs; Gert,1,0,25,24
1696417877500,BENG 126A,A01,216453,Taylor Amos; Alyssa C,1,0,35,34
1696417877924,BENG 127A,A01,216488,Taylor Amos; Alyssa C,24,0,30,6
1696417878348,BENG 128A,A01,216490,Taylor Amos; Alyssa C,21,0,30,9
1696417878774,BENG 129A,A01,285661,Taylor Amos; Alyssa C,19,0,30,11
1696417879205,BENG 134,A01,216498,Smarr; Benjamin,11,0,30,19
1696417879633,BENG 135,A00,216499,Contijoch; Francisco,21,0,40,19
1696417880055,BENG 139A,A01,216528,Taylor Amos; Alyssa C,26,0,30,4
1696417880482,BENG 141,A00,216531,Lal; Ratnesh,12,0,40,28
1696417880904,BENG 147A,A01,216547,Taylor Amos; Alyssa C,23,0,30,7
1696417881327,BENG 148A,A01,216760,Taylor Amos; Alyssa C,20,0,30,10
1696417881750,BENG 149A,A01,216777,Taylor Amos; Alyssa C,27,0,30,3
1696417882210,BENG 161A,A01,216803,Lewis; Nathan E,0,0,35,35
1696417882210,BENG 161A,A02,280191,Lewis; Nathan E,0,0,36,36
1696417882639,BENG 162,A01,216819,Mali; Prashant Gulab Ram,0,0,36,36
1696417882639,BENG 162,A02,216820,Mali; Prashant Gulab Ram,0,0,36,36
1696417896134,BENG 166A,A00,216826,Sah; Robert Lie-Yuan,3,0,75,72
1696417896565,BENG 169A,A01,216899,Taylor Amos; Alyssa C,10,0,30,20
1696417896992,BENG 179A,A01,216914,Taylor Amos; Alyssa C,2,0,30,28
1696417897422,BENG 183,A01,216916,Zhong; Sheng,0,0,33,33
1696417897422,BENG 183,A02,216917,Zhong; Sheng,1,0,35,34
1696417897422,BENG 183,A03,216918,Zhong; Sheng,13,0,56,43
1696417897845,BENG 187B,A00,216928,Taylor Amos; Alyssa C,9,0,170,161
1696417898272,BENG 196,A00,215136,Engler; Adam J.,6,0,10,4
1696417898272,BENG 196,B00,358405,Cabrales; Pedro,9997,0,9999,2
1696417898272,BENG 196,C00,361058,Sah; Robert Lie-Yuan,9998,0,9999,1
1696417898698,BENG 211,A00,216930,Smarr; Benjamin,10,0,56,46
1696417899122,BENG 216,A01,300993,Cauwenberghs; Gert,0,2,60,60
1696417899551,BENG 221,A00,216931,Valdez-Jasso; Daniela,14,0,60,46
1696417900030,BENG 230A,A00,216933,Huang; Xiaohua,13,0,120,107
1696417900460,BENG 241A,A01,216935,Christman; Karen,6,0,80,74
1696417900886,BENG 242,A00,216936,Cai; Shengqiang,6,0,40,34
1696417901307,BENG 247A,A00,216938,Shi; Lingyan,8,0,45,37
1696417901734,BENG 254,A01,216940,Hasty; Jeff M,2,0,45,43
1696417902166,BENG 280A,A00,216941,Liu; Thomas Tao-Ming & McVeigh; Elliot R.,2,0,70,68
1696417902588,BENG 281,A00,216950,Engler; Adam J.,7,0,110,103
1696417903013,BENG 282,A00,216957,Engler; Adam J.,13,0,110,97
1696417903440,BENG 292,A01,216972,Ross; Camille,11,0,20,9
1696417903866,BENG 294A,A00,216975,King; Kevin R,3,0,65,62
1696417904289,BENG 295,001,215208,Watson; John Thomas,9996,0,9999,3
1696417904714,BGGN 202,A00,252246,Kadonaga; James T,3,0,60,57
1696417905137,BGGN 204,A00,252262,Shurin; Jonathan,1,4,20,19
1696417905560,BGGN 206A,A00,252267,Bennett; Eric J,14,0,60,46
1696417905991,BGGN 207,A01,294166,Ross; Camille,0,1,0,2
1696417906424,BGGN 208,A00,252268,Meyer; Justin Raymond & Pillus; Lorraine,17,0,65,48
1696417919228,BGGN 213,A00,252296,Grant; Barry J,0,13,30,30
1696417919657,BGGN 220,A00,252297,Dickinson; Alexandra Jazz & Pruneda-Paz; Jose L.,0,1,35,35
1696417920085,BGGN 231,A00,252298,Traver; David,0,0,30,30
1696417920508,BGGN 245,A00,252300,O'Shea; Clodagh & Shaw; Reuben,5,0,35,30
1696417920934,BGGN 249A,A00,252302,Bloodgood; Brenda Laurie & Lim; Byungkook,0,5,0,5
1696417921361,BGGN 270,A00,252303,Tour; Ella,42,0,75,33
1696417922055,BGGN 271,001,270082,Achim; Cristian L,9998,0,9999,1
1696417922055,BGGN 271,002,270083,Ackerman; Susan,9997,0,9999,2
1696417922055,BGGN 271,003,270084,Akbari; Omar Sultan,9995,0,9999,4
1696417922055,BGGN 271,004,270085,Alperin; Mariann,9999,0,9999,0
1696417922055,BGGN 271,005,270086,Ayyagari; Radha,9998,0,9999,1
1696417922055,BGGN 271,006,270087,Bui; Jack D,9998,0,9999,1
1696417922055,BGGN 271,007,270095,Busch; Wolfgang,9998,0,9999,1
1696417922055,BGGN 271,008,270096,Campana; Wendy M.,9999,0,9999,0
1696417922055,BGGN 271,009,270097,Carter; Hannah Kathryn,9999,0,9999,0
1696417922055,BGGN 271,010,270098,Chang; John Tzu-yu,9999,0,9999,0
1696417922055,BGGN 271,011,270099,Chen; Ju,9998,0,9999,1
1696417922055,BGGN 271,012,270100,Chen; Xu,9996,0,9999,3
1696417922055,BGGN 271,013,270101,Cherqui; Stephanie,9997,0,9999,2
1696417922055,BGGN 271,014,270102,Cho; Yoshitake,9998,0,9999,1
1696417922055,BGGN 271,015,270103,Chu; Hiutung,9999,0,9999,0
1696417922055,BGGN 271,016,270104,Cleland; Elsa Eleanor,9998,0,9999,1
1696417922055,BGGN 271,017,270105,Cook-Andersen; Heidi Leigh,9998,0,9999,1
1696417922055,BGGN 271,018,270106,Cooke; James Edward,9998,0,9999,1
1696417922055,BGGN 271,019,270107,Cooper; Kimberly Lynn,9999,0,9999,0
1696417922055,BGGN 271,020,270108,Crews; Leslie Anne,9999,0,9999,0
1696417922055,BGGN 271,021,270109,Crotty Alexander; Laura E,9997,0,9999,2
1696417922055,BGGN 271,022,270119,Daneman; Richard,9999,0,9999,0
1696417922055,BGGN 271,023,270120,Daugherty; Matthew Dorton,9997,0,9999,2
1696417922055,BGGN 271,024,270130,Dhar; Debanjan,9999,0,9999,0
1696417922055,BGGN 271,025,270131,Dickinson; Alexandra Jazz,9999,0,9999,0
1696417922055,BGGN 271,026,270132,Doherty; Taylor Alan,9998,0,9999,1
1696417922055,BGGN 271,027,270133,Dowdy; Steven F.,9999,0,9999,0
1696417922055,BGGN 271,028,270134,Dulawa; Stephanie Carole,9997,0,9999,2
1696417922055,BGGN 271,029,270135,Eckmann; Lars,9999,0,9999,0
1696417922055,BGGN 271,030,270136,Ernst; Andreas,9999,0,9999,0
1696417922055,BGGN 271,031,270137,Fang; Xi,9999,0,9999,0
1696417922055,BGGN 271,032,270144,Feng; Gen-Sheng,9999,0,9999,0
1696417922055,BGGN 271,033,270146,Fisch; Kathleen Marie,9999,0,9999,0
1696417922055,BGGN 271,034,270147,Friedman; Rick Adam,9998,0,9999,1
1696417922055,BGGN 271,035,270154,Gallo; Richard L.,9999,0,9999,0
1696417922055,BGGN 271,036,270189,Ghosh; Pradipta,9998,0,9999,1
1696417922055,BGGN 271,037,270190,Glasgow; Stacey Marie,9999,0,9999,0
1696417922055,BGGN 271,038,270191,Glass; Christopher,9999,0,9999,0
1696417922055,BGGN 271,039,270193,Goren; Alon M,9996,0,9999,3
1696417922055,BGGN 271,040,270196,Gremel; Christina M,9998,0,9999,1
1696417922055,BGGN 271,041,270197,Halpain; Shelley,9998,0,9999,1
1696417922055,BGGN 271,042,270199,Hao; Nan,9997,0,9999,2
1696417922055,BGGN 271,043,270243,Hiniker; Anne Elizabeth,9998,0,9999,1
1696417922055,BGGN 271,044,270244,Hogan; Michael C.,9998,0,9999,1
1696417922055,BGGN 271,045,270245,Holway; David A.,9994,0,9999,5
1696417922055,BGGN 271,046,270246,Huffaker; Alisa,9997,0,9999,2
1696417922055,BGGN 271,047,270249,Hui; Enfu,9999,0,9999,0
1696417922055,BGGN 271,048,270255,Hwa; Terence T.,9999,0,9999,0
1696417922055,BGGN 271,049,270256,Jamieson; Catriona,9999,0,9999,0
1696417922055,BGGN 271,050,270257,Jin; Yishi,9997,0,9999,2
1696417922055,BGGN 271,051,270258,Joiner; William J.,9998,0,9999,1
1696417922055,BGGN 271,052,270259,Karin; Michael,9998,0,9999,1
1696417922055,BGGN 271,053,270265,Kauffman; Alexander,9998,0,9999,1
1696417922055,BGGN 271,054,270275,Koffler; Yacov,9998,0,9999,1
1696417922055,BGGN 271,055,270279,Komiyama; Takaki,9998,0,9999,1
1696417922055,BGGN 271,056,270280,Kryazhimskiy; Sergey A,9998,0,9999,1
1696417922055,BGGN 271,057,270287,Kurle; Carolyn M.,9998,0,9999,1
1696417922055,BGGN 271,058,270288,Lawson; Mark Andrew,9998,0,9999,1
1696417922055,BGGN 271,059,270289,Lo; Stanley M.,9998,0,9999,1
1696417922055,BGGN 271,060,270290,Looger; Loren Lee,9999,0,9999,0
1696417922055,BGGN 271,061,270315,Lu; Li-Fan,9998,0,9999,1
1696417922055,BGGN 271,062,270316,Majithia; Amit Rajendra,9999,0,9999,0
1696417922055,BGGN 271,063,270317,Mandyam; Chitra,9999,0,9999,0
1696417922055,BGGN 271,064,270318,McDonnell; Lisa Marie,9998,0,9999,1
1696417922055,BGGN 271,065,270319,Meaders; Clara Leigh,9999,0,9999,0
1696417922055,BGGN 271,066,270320,Meharena; Hiruy Sibhatu,9998,0,9999,1
1696417922055,BGGN 271,067,270321,Mellon; Pamela L,9999,0,9999,0
1696417922055,BGGN 271,068,270322,Mesirov; Jill P.,9998,0,9999,1
1696417922055,BGGN 271,069,270368,Meyer; Justin Raymond,9998,0,9999,1
1696417922055,BGGN 271,070,270369,Mishra; Jyoti,9999,0,9999,0
1696417922055,BGGN 271,071,270370,Muotri; Alysson,9995,0,9999,4
1696417922055,BGGN 271,072,270371,Neal; Sonya E,9998,0,9999,1
1696417922055,BGGN 271,073,270372,Panda; Satchidananda,9999,0,9999,0
1696417922055,BGGN 271,074,270373,Pantham; Priyadarshini,9998,0,9999,1
1696417922055,BGGN 271,075,270374,Petrie; Katherine Lynn,9997,0,9999,2
1696417922055,BGGN 271,076,270452,Pride; David Tevis,9998,0,9999,1
1696417922055,BGGN 271,077,270469,Rennison; Diana,9999,0,9999,0
1696417922055,BGGN 271,078,270471,Rissman; Robert Andrew,9998,0,9999,1
1696417922055,BGGN 271,079,270476,Rivera; Fabian Chavez,9999,0,9999,0
1696417922055,BGGN 271,080,270479,Rivera-Nieves; Jesus,9998,0,9999,1
1696417922055,BGGN 271,081,270487,Saier; Milton H.,9996,0,9999,3
1696417922055,BGGN 271,082,270488,Sander; Maike,9998,0,9999,1
1696417922055,BGGN 271,083,270522,Schenk; Simon,9998,0,9999,1
1696417922055,BGGN 271,084,270538,Schlaepfer; David,9999,0,9999,0
1696417922055,BGGN 271,085,270539,Schroeder; Julian I,9997,0,9999,2
1696417922055,BGGN 271,086,270544,Shao; Jianhua,9998,0,9999,1
1696417922055,BGGN 271,087,270545,Shurin; Jonathan,9998,0,9999,1
1696417922055,BGGN 271,088,270552,Simonson; Tatum Sasha Summ,9998,0,9999,1
1696417922055,BGGN 271,089,270553,Smith; David M.,9998,0,9999,1
1696417922055,BGGN 271,090,270572,Spitzer; Nicholas,9999,0,9999,0
1696417922055,BGGN 271,091,270573,Sun; Bryan Kee-Hong,9998,0,9999,1
1696417922055,BGGN 271,092,270574,Tamayo; Pablo,9998,0,9999,1
1696417922055,BGGN 271,093,270575,Thackray; Varykina G.,9997,0,9999,2
1696417922055,BGGN 271,094,270576,Traver; David,9998,0,9999,1
1696417922055,BGGN 271,095,270577,Wahlin; Karl Jonas,9995,0,9999,4
1696417922055,BGGN 271,096,270578,Witztum; Joseph Lee,9999,0,9999,0
1696417922055,BGGN 271,097,270579,Wu; Chengbiao,9999,0,9999,0
1696417922055,BGGN 271,098,270580,Yeo; Eugene Wei-Ming,9996,0,9999,3
1696417922055,BGGN 271,099,270581,Zanetti; Maurizio,9998,0,9999,1
1696417922055,BGGN 271,100,270582,Zarrinpar; Amir,9997,0,9999,2
1696417922055,BGGN 271,101,270583,Zhang; Dong-Er,9998,0,9999,1
1696417922055,BGGN 271,102,270584,Zheng; Binhai,9998,0,9999,1
1696417922055,BGGN 271,103,270585,Wilhelm; James E.,9999,0,9999,0
1696417922055,BGGN 271,104,288657,Allen; Nicola J,9999,0,9999,0
1696417922055,BGGN 271,105,288658,Banegas; Matthew Patrick,9998,0,9999,1
1696417922055,BGGN 271,106,288659,Breen; Ellen C.,9997,0,9999,2
1696417922055,BGGN 271,107,288660,Briggs; Steven,9997,0,9999,2
1696417922055,BGGN 271,108,288661,Cohen; Shiran,9998,0,9999,1
1696417922055,BGGN 271,109,288662,Coufal; Nicole Gabriele,9998,0,9999,1
1696417922055,BGGN 271,110,288663,De Guglielmo; Giordano,9997,0,9999,2
1696417922055,BGGN 271,111,288664,Feldstein; Ariel E,9998,0,9999,1
1696417922055,BGGN 271,112,288665,Gilbert; Jack Anthony,9999,0,9999,0
1696417922055,BGGN 271,113,288666,Gleeson; Joseph Gerard,9998,0,9999,1
1696417922055,BGGN 271,114,288667,Golden; Susan S.,9998,0,9999,1
1696417922055,BGGN 271,115,288668,Gustafsson; Asa Birgitta,9997,0,9999,2
1696417922055,BGGN 271,116,288669,Hamdoun; Amr,9998,0,9999,1
1696417922055,BGGN 271,117,288670,Jiang; Qingfei,9998,0,9999,1
1696417922055,BGGN 271,118,288671,Kaech; Susan Michelle,9998,0,9999,1
1696417922055,BGGN 271,119,288672,Leutgeb; Stefan,9998,0,9999,1
1696417922055,BGGN 271,120,288675,Lu; Pengzhe,9998,0,9999,1
1696417922055,BGGN 271,121,288700,Lykke-Andersen; Jens,9998,0,9999,1
1696417922055,BGGN 271,122,288702,Mukamel; Eran A,9998,0,9999,1
1696417922055,BGGN 271,123,288708,Muroyama; Andrew David,9998,0,9999,1
1696417922055,BGGN 271,124,288709,O'Donoghue; Anthony John,9998,0,9999,1
1696417922055,BGGN 271,125,288710,Pruneda-Paz; Jose L.,9997,0,9999,2
1696417922055,BGGN 271,126,288711,Rana; Tariq,9997,0,9999,2
1696417922055,BGGN 271,127,288712,Risbrough; Victoria Blythe,9998,0,9999,1
1696417922055,BGGN 271,128,288715,Schoeneberg; Johannes,9998,0,9999,1
1696417922055,BGGN 271,129,288755,Sigurdson; Christina,9997,0,9999,2
1696417922055,BGGN 271,130,288758,Steinmetz; Nicole F,9998,0,9999,1
1696417922055,BGGN 271,131,288759,Telese; Francesca,9998,0,9999,1
1696417922055,BGGN 271,132,288761,Troemel; Emily Ruth,9997,0,9999,2
1696417922055,BGGN 271,133,288762,Wilkinson; Miles Frome,9998,0,9999,1
1696417922055,BGGN 271,134,288763,Ying; Wei,9998,0,9999,1
1696417922055,BGGN 271,135,288764,Zengler; Karsten B,9998,0,9999,1
1696417922055,BGGN 271,136,288766,Zhao; Yunde,9999,0,9999,0
1696417922055,BGGN 271,137,288767,Zuniga; Elina I,9998,0,9999,1
1696417922055,BGGN 271,138,301469,Castle; Michael James,9998,0,9999,1
1696417922055,BGGN 271,139,301483,Church; Kellie Breen,9998,0,9999,1
1696417922055,BGGN 271,140,301484,Esko; Jeffrey D.,9998,0,9999,1
1696417922055,BGGN 271,141,301498,Furnari; Frank,9998,0,9999,1
1696417922055,BGGN 271,142,301499,Lee; Yun Sok,9998,0,9999,1
1696417922055,BGGN 271,143,301504,Lowy; Andrew,9999,0,9999,0
1696417922055,BGGN 271,144,301513,Makino; Aya,9998,0,9999,1
1696417922055,BGGN 271,145,301517,McHugh; Colleen A,9998,0,9999,1
1696417922055,BGGN 271,146,301518,Morris; Gerald P,9998,0,9999,1
1696417922055,BGGN 271,147,301519,Nieh; James Charles,9998,0,9999,1
1696417922055,BGGN 271,148,301522,Perry; Michael William,9998,0,9999,1
1696417922055,BGGN 271,149,301523,Sheikh; Farah,9998,0,9999,1
1696417922055,BGGN 271,150,301533,Su; Chih-Ying,9998,0,9999,1
1696417922055,BGGN 271,151,301534,Suel; Gurol Mehmet,9998,0,9999,1
1696417922055,BGGN 271,152,301535,Tye; Kay M,9998,0,9999,1
1696417922055,BGGN 271,153,301536,Welsbie; Derek,9998,0,9999,1
1696417922055,BGGN 271,154,301538,Yaksh; Tony L.,9998,0,9999,1
1696417922055,BGGN 271,155,301539,Yang; Jing,9998,0,9999,1
1696417922055,BGGN 271,156,301540,Zheng; Ye,9997,0,9999,2
1696417922055,BGGN 271,157,355396,Greenspan; Ralph J.,9998,0,9999,1
1696417922055,BGGN 271,158,363306,Parast; Mana,9998,0,9999,1
1696417922482,BGGN 272,A00,252304,Lo; Stanley M.,35,0,40,5
1696417922909,BGGN 283,A00,279721,Karlseder; Jan & Saghatelian; Alan,0,3,5,5
1696417922909,BGGN 283,B00,252353,Golden; James W,0,0,5,5
1696417922909,BGGN 283,D00,252366,Golden; Susan S.,0,0,5,5
1696417922909,BGGN 283,E00,252368,Allen; Eric,0,0,5,5
1696417922909,BGGN 283,F00,252464,Mayfield; Stephen P.,1,0,5,4
1696417923333,BGGN 284,A00,252465,Pekkurnaz Banghart; Gulcin,0,2,5,5
1696417923758,BGGN 285,A00,252467,Wertheim; Joel Okrent,0,0,5,5
1696417923758,BGGN 285,B00,252785,Muroyama; Andrew David,0,1,5,5
1696417924183,BGGN 293,A00,252807,Park; Ji Young,0,3,30,30
1696417924608,BGJC 204,A00,252818,Lu; Li-Fan & Chang; John Tzu-yu,9971,0,9999,28
1696417925031,BGJC 215,A00,252833,Owens; Melinda Tsao-Ying & Tour; Ella,3,0,10,7
1696417925583,BGRD 200,001,271830,Achim; Cristian L,9998,0,9999,1
1696417925583,BGRD 200,002,271845,Ackerman; Susan,9995,0,9999,4
1696417925583,BGRD 200,003,271846,Akbari; Omar Sultan,9996,0,9999,3
1696417925583,BGRD 200,004,271847,Allen; Eric,9997,0,9999,2
1696417925583,BGRD 200,005,271848,Allen; Nicola J,9994,0,9999,5
1696417925583,BGRD 200,006,271857,Alperin; Mariann,9999,0,9999,0
1696417925583,BGRD 200,007,271858,Aoi; Mikio C,9999,0,9999,0
1696417925583,BGRD 200,008,271859,Augustine; Vineet,9998,0,9999,1
1696417925583,BGRD 200,009,271866,Ayres; Janelle Samantha,9997,0,9999,2
1696417925583,BGRD 200,010,271867,Ayyagari; Radha,9998,0,9999,1
1696417925583,BGRD 200,011,271868,Banghart; Matthew Ryan,9998,0,9999,1
1696417925583,BGRD 200,012,271876,Benna; Marcus K,9998,0,9999,1
1696417925583,BGRD 200,013,271877,Bennett; Eric J,9998,0,9999,1
1696417925583,BGRD 200,014,271885,Bloodgood; Brenda Laurie,9998,0,9999,1
1696417925583,BGRD 200,015,271886,Briggs; Steven,9996,0,9999,3
1696417925583,BGRD 200,016,271888,Bui; Jack D,9998,0,9999,1
1696417925583,BGRD 200,017,271892,Busch; Wolfgang,9998,0,9999,1
1696417925583,BGRD 200,018,271896,Callaway; Edward M,9998,0,9999,1
1696417925583,BGRD 200,019,271897,Campana; Wendy M.,9999,0,9999,0
1696417925583,BGRD 200,020,271909,Carter; Hannah Kathryn,9999,0,9999,0
1696417925583,BGRD 200,021,271913,Chang; John Tzu-yu,9998,0,9999,1
1696417925583,BGRD 200,022,271914,Chen; Ju,9998,0,9999,1
1696417925583,BGRD 200,023,271922,Chen; Xu,9996,0,9999,3
1696417925583,BGRD 200,024,271924,Cherqui; Stephanie,9995,0,9999,4
1696417925583,BGRD 200,025,271926,Cho; Yoshitake,9998,0,9999,1
1696417925583,BGRD 200,026,271927,Chu; Hiutung,9999,0,9999,0
1696417925583,BGRD 200,027,271956,Cleland; Elsa Eleanor,9997,0,9999,2
1696417925583,BGRD 200,028,271957,Cook-Andersen; Heidi Leigh,9997,0,9999,2
1696417925583,BGRD 200,029,271958,Cooke; James Edward,9998,0,9999,1
1696417925583,BGRD 200,030,271959,Cooper; Kimberly Lynn,9997,0,9999,2
1696417925583,BGRD 200,031,271960,Crews; Leslie Anne,9999,0,9999,0
1696417925583,BGRD 200,032,272015,Crotty Alexander; Laura E,9996,0,9999,3
1696417925583,BGRD 200,033,272016,Daneman; Richard,9999,0,9999,0
1696417925583,BGRD 200,034,272165,Daugherty; Matthew Dorton,9994,0,9999,5
1696417925583,BGRD 200,035,272166,De Silva; Shermin,9998,0,9999,1
1696417925583,BGRD 200,036,272439,Desai; Arshad,9996,0,9999,3
1696417925583,BGRD 200,037,272472,Dhar; Debanjan,9999,0,9999,0
1696417925583,BGRD 200,038,272487,Dickinson; Alexandra Jazz,9994,0,9999,5
1696417925583,BGRD 200,039,272500,Doherty; Taylor Alan,9997,0,9999,2
1696417925583,BGRD 200,040,272501,Dowdy; Steven F.,9999,0,9999,0
1696417925583,BGRD 200,041,272512,Dulawa; Stephanie Carole,9997,0,9999,2
1696417925583,BGRD 200,042,272518,Dutton; Rachel Janelle,9999,0,9999,0
1696417925583,BGRD 200,043,272550,Ecker; Joseph R,9995,0,9999,4
1696417925583,BGRD 200,044,272551,Eckmann; Lars,9999,0,9999,0
1696417925583,BGRD 200,045,272628,Engle; Dannielle D,9997,0,9999,2
1696417925583,BGRD 200,046,272629,Ernst; Andreas,9995,0,9999,4
1696417925583,BGRD 200,047,272630,Evans; Ronald M,9998,0,9999,1
1696417925583,BGRD 200,048,272703,Fang; Xi,9998,0,9999,1
1696417925583,BGRD 200,049,272704,Farley; Emma Kristen,9996,0,9999,3
1696417925583,BGRD 200,050,272705,Feng; Gen-Sheng,9999,0,9999,0
1696417925583,BGRD 200,051,272706,Fisch; Kathleen Marie,9995,0,9999,4
1696417925583,BGRD 200,052,272707,Friedman; Rick Adam,9999,0,9999,0
1696417925583,BGRD 200,053,272708,Gage; Fred H,9996,0,9999,3
1696417925583,BGRD 200,054,272709,Gallo; Richard L.,9997,0,9999,2
1696417925583,BGRD 200,055,272710,Ghosh; Pradipta,9996,0,9999,3
1696417925583,BGRD 200,056,272711,Glasgow; Stacey Marie,9997,0,9999,2
1696417925583,BGRD 200,057,272712,Glass; Christopher,9998,0,9999,1
1696417925583,BGRD 200,058,272713,Goldrath; Ananda,9996,0,9999,3
1696417925583,BGRD 200,059,272714,Goren; Alon M,9995,0,9999,4
1696417925583,BGRD 200,060,272718,Gremel; Christina M,9998,0,9999,1
1696417925583,BGRD 200,061,272739,Gutkind; Jorge Silvio,9998,0,9999,1
1696417925583,BGRD 200,062,272771,Halpain; Shelley,9998,0,9999,1
1696417925583,BGRD 200,063,272980,Hampton; Randolph Y.,9998,0,9999,1
1696417925583,BGRD 200,064,272981,Hao; Nan,9994,0,9999,5
1696417925583,BGRD 200,065,272993,Hargreaves; Diana Clare,9993,0,9999,6
1696417925583,BGRD 200,066,272994,Hasty; Jeff M,9998,0,9999,1
1696417925583,BGRD 200,067,272997,Hiniker; Anne Elizabeth,9997,0,9999,2
1696417925583,BGRD 200,068,272999,Hogan; Michael C.,9999,0,9999,0
1696417925583,BGRD 200,069,273010,Hollern; Daniel Patrick,9997,0,9999,2
1696417925583,BGRD 200,070,273012,Holway; David A.,9993,0,9999,6
1696417925583,BGRD 200,071,273017,Huffaker; Alisa,9996,0,9999,3
1696417925583,BGRD 200,072,273018,Hui; Enfu,9997,0,9999,2
1696417925583,BGRD 200,073,273062,Hwa; Terence T.,9996,0,9999,3
1696417925583,BGRD 200,074,273132,Jackrel; Sara,9994,0,9999,5
1696417925583,BGRD 200,075,273172,Jamieson; Catriona,9999,0,9999,0
1696417925583,BGRD 200,076,273173,Jin; Yishi,9992,0,9999,7
1696417925583,BGRD 200,077,273174,Joiner; William J.,9998,0,9999,1
1696417925583,BGRD 200,078,273175,Jun; Suckjoon,9998,0,9999,1
1696417925583,BGRD 200,079,273178,Kaech; Susan Michelle,9993,0,9999,6
1696417925583,BGRD 200,080,273188,Karin; Michael,9994,0,9999,5
1696417925583,BGRD 200,081,273192,Kauffman; Alexander,9996,0,9999,3
1696417925583,BGRD 200,082,273193,Knight; Robin,9998,0,9999,1
1696417925583,BGRD 200,083,273198,Koffler; Yacov,9998,0,9999,1
1696417925583,BGRD 200,084,273230,Kohn; Joshua R,9999,0,9999,0
1696417925583,BGRD 200,085,273231,Komiyama; Takaki,9993,0,9999,6
1696417925583,BGRD 200,086,273241,Kosuri; Pallav,9997,0,9999,2
1696417925583,BGRD 200,087,273242,Kronenberg; Mitchell E.,9999,0,9999,0
1696417925583,BGRD 200,088,273250,Kryazhimskiy; Sergey A,9996,0,9999,3
1696417925583,BGRD 200,089,273262,Kurle; Carolyn M.,9997,0,9999,2
1696417925583,BGRD 200,090,273269,Lawson; Mark Andrew,9998,0,9999,1
1696417925583,BGRD 200,091,273290,Lee; Kuo Fen,9998,0,9999,1
1696417925583,BGRD 200,092,273291,Leutgeb; Jill K.,9997,0,9999,2
1696417925583,BGRD 200,093,273294,Lim; Byungkook,9996,0,9999,3
1696417925583,BGRD 200,094,273299,Lo; Stanley M.,9998,0,9999,1
1696417925583,BGRD 200,095,273301,Looger; Loren Lee,9998,0,9999,1
1696417925583,BGRD 200,096,273304,Lovett-Barron; Matthew Rod,9996,0,9999,3
1696417925583,BGRD 200,097,273309,Lu; Li-Fan,9996,0,9999,3
1696417925583,BGRD 200,098,273319,Lundblad; Vicki,9997,0,9999,2
1696417925583,BGRD 200,099,273320,Lykke-Andersen; Jens,9995,0,9999,4
1696417925583,BGRD 200,100,273323,Lyumkis; Dmitry Evgenievich,9996,0,9999,3
1696417925583,BGRD 200,101,273328,Madigan; Cressida Ariana,9996,0,9999,3
1696417925583,BGRD 200,102,273330,Majithia; Amit Rajendra,9999,0,9999,0
1696417925583,BGRD 200,103,273333,Mandyam; Chitra,9999,0,9999,0
1696417925583,BGRD 200,104,273338,Mayfield; Stephen P.,9998,0,9999,1
1696417925583,BGRD 200,105,273348,McDonnell; Lisa Marie,9998,0,9999,1
1696417925583,BGRD 200,106,273349,Meaders; Clara Leigh,9999,0,9999,0
1696417925583,BGRD 200,107,273352,Meharena; Hiruy Sibhatu,9998,0,9999,1
1696417925583,BGRD 200,108,273357,Mellon; Pamela L,9999,0,9999,0
1696417925583,BGRD 200,109,273359,Mesirov; Jill P.,9998,0,9999,1
1696417925583,BGRD 200,110,273362,Meyer; Justin Raymond,9996,0,9999,3
1696417925583,BGRD 200,111,273367,Mishra; Jyoti,9999,0,9999,0
1696417925583,BGRD 200,112,273369,Muotri; Alysson,9995,0,9999,4
1696417925583,BGRD 200,113,273370,Murre; Cornelis,9998,0,9999,1
1696417925583,BGRD 200,114,273372,Neal; Sonya E,9994,0,9999,5
1696417925583,BGRD 200,115,273373,Nieh; James Charles,9996,0,9999,3
1696417925583,BGRD 200,116,273374,Nimmerjahn; Axel,9998,0,9999,1
1696417925583,BGRD 200,117,273377,Nizet; Victor F.,9998,0,9999,1
1696417925583,BGRD 200,118,273378,Oegema; Karen,9998,0,9999,1
1696417925583,BGRD 200,119,273382,O'Shea; Clodagh,9998,0,9999,1
1696417925583,BGRD 200,120,273383,Panda; Satchidananda,9999,0,9999,0
1696417925583,BGRD 200,121,273386,Pantham; Priyadarshini,9997,0,9999,2
1696417925583,BGRD 200,122,273387,Pasquinelli; Amy,9995,0,9999,4
1696417925583,BGRD 200,123,273389,Pekkurnaz Banghart; Gulcin,9998,0,9999,1
1696417925583,BGRD 200,124,273390,Perry; Michael William,9995,0,9999,4
1696417925583,BGRD 200,125,273391,Petrie; Katherine Lynn,9997,0,9999,2
1696417925583,BGRD 200,126,273393,Pfaff; Samuel,9997,0,9999,2
1696417925583,BGRD 200,127,273394,Pogliano; Joseph,9995,0,9999,4
1696417925583,BGRD 200,128,273434,Pogliano; Kit J.,9997,0,9999,2
1696417925583,BGRD 200,129,273437,Pride; David Tevis,9998,0,9999,1
1696417925583,BGRD 200,130,273438,Pruneda-Paz; Jose L.,9993,0,9999,6
1696417925583,BGRD 200,131,273443,Reck-Peterson; Samara L,9998,0,9999,1
1696417925583,BGRD 200,132,273444,Reese; Aspen Taylor,9999,0,9999,0
1696417925583,BGRD 200,133,273451,Rennison; Diana,9997,0,9999,2
1696417925583,BGRD 200,134,273454,Rifkin; Scott,9997,0,9999,2
1696417925583,BGRD 200,135,273463,Rissman; Robert Andrew,9998,0,9999,1
1696417925583,BGRD 200,136,273464,Rivera; Fabian Chavez,9997,0,9999,2
1696417925583,BGRD 200,137,273466,Rivera-Nieves; Jesus,9998,0,9999,1
1696417925583,BGRD 200,138,273467,Root; Cory Matthew,9997,0,9999,2
1696417925583,BGRD 200,139,273471,Rosenfeld; Michael G,9997,0,9999,2
1696417925583,BGRD 200,140,273472,Russell; Alistair B,9998,0,9999,1
1696417925583,BGRD 200,141,273473,Saier; Milton H.,9993,0,9999,6
1696417925583,BGRD 200,142,273474,Sander; Maike,9997,0,9999,2
1696417925583,BGRD 200,143,273475,Saphire; Erica Ollmann,9998,0,9999,1
1696417925583,BGRD 200,144,273476,Schenk; Simon,9999,0,9999,0
1696417925583,BGRD 200,145,273477,Schlaepfer; David,9999,0,9999,0
1696417925583,BGRD 200,146,273478,Schroeder; Julian I,9996,0,9999,3
1696417925583,BGRD 200,147,273479,Sejnowski; Terrence J,9999,0,9999,0
1696417925583,BGRD 200,148,273480,Shao; Jianhua,9998,0,9999,1
1696417925583,BGRD 200,149,273481,Shaw; Reuben,9998,0,9999,1
1696417925583,BGRD 200,150,273482,Shurin; Jonathan,9994,0,9999,5
1696417925583,BGRD 200,151,273483,Simonson; Tatum Sasha Summ,9996,0,9999,3
1696417925583,BGRD 200,152,273484,Smith; David M.,9997,0,9999,2
1696417925583,BGRD 200,153,273485,Soncin; Francesca,9998,0,9999,1
1696417925583,BGRD 200,154,273486,Spitzer; Nicholas,9999,0,9999,0
1696417925583,BGRD 200,155,273487,Suel; Gurol Mehmet,9997,0,9999,2
1696417925583,BGRD 200,156,273499,Sun; Bryan Kee-Hong,9998,0,9999,1
1696417925583,BGRD 200,157,273501,Sun; Xin,9995,0,9999,4
1696417925583,BGRD 200,158,273503,Tamayo; Pablo,9998,0,9999,1
1696417925583,BGRD 200,159,273506,Thackray; Varykina G.,9997,0,9999,2
1696417925583,BGRD 200,160,273510,Traver; David,9998,0,9999,1
1696417925583,BGRD 200,161,273513,Vijayanand; Pandurangan,9998,0,9999,1
1696417925583,BGRD 200,162,273514,Villa Rodriguez; Elizabeth,9998,0,9999,1
1696417925583,BGRD 200,163,273515,Wahlin; Karl Jonas,9995,0,9999,4
1696417925583,BGRD 200,164,273516,Wildonger; Jill Cathleen,9998,0,9999,1
1696417925583,BGRD 200,165,273517,Wilhelm; James E.,9999,0,9999,0
1696417925583,BGRD 200,166,273520,Winzeler; Elizabeth A,9997,0,9999,2
1696417925583,BGRD 200,167,273521,Witztum; Joseph Lee,9999,0,9999,0
1696417925583,BGRD 200,168,273524,Wu; Chengbiao,9999,0,9999,0
1696417925583,BGRD 200,169,273525,Yelon; Deborah,9995,0,9999,4
1696417925583,BGRD 200,170,273526,Yeo; Eugene Wei-Ming,9993,0,9999,6
1696417925583,BGRD 200,171,273527,Zanetti; Maurizio,9998,0,9999,1
1696417925583,BGRD 200,172,273528,Zarrinpar; Amir,9998,0,9999,1
1696417925583,BGRD 200,173,273530,Zengler; Karsten B,9997,0,9999,2
1696417925583,BGRD 200,174,273531,Zhang; Dong-Er,9998,0,9999,1
1696417925583,BGRD 200,175,273532,Zhao; Yunde,9998,0,9999,1
1696417925583,BGRD 200,176,273533,Zheng; Binhai,9996,0,9999,3
1696417925583,BGRD 200,177,273534,Zheng; Ye,9994,0,9999,5
1696417925583,BGRD 200,178,273535,Zuniga; Elina I,9993,0,9999,6
1696417925583,BGRD 200,179,286503,Troemel; Emily Ruth,9996,0,9999,3
1696417925583,BGRD 200,180,286568,Shah; Sameer B,9998,0,9999,1
1696417925583,BGRD 200,181,288768,Banegas; Matthew Patrick,9998,0,9999,1
1696417925583,BGRD 200,182,288769,Breen; Ellen C.,9996,0,9999,3
1696417925583,BGRD 200,183,288879,Cohen; Shiran,9997,0,9999,2
1696417925583,BGRD 200,184,288880,Coufal; Nicole Gabriele,9998,0,9999,1
1696417925583,BGRD 200,185,288881,De Guglielmo; Giordano,9997,0,9999,2
1696417925583,BGRD 200,186,288882,Feldstein; Ariel E,9997,0,9999,2
1696417925583,BGRD 200,187,288898,Gilbert; Jack Anthony,9999,0,9999,0
1696417925583,BGRD 200,188,288899,Gleeson; Joseph Gerard,9997,0,9999,2
1696417925583,BGRD 200,189,288900,Golden; Susan S.,9999,0,9999,0
1696417925583,BGRD 200,190,288901,Gustafsson; Asa Birgitta,9997,0,9999,2
1696417925583,BGRD 200,191,288929,Hamdoun; Amr,9998,0,9999,1
1696417925583,BGRD 200,192,288964,Jiang; Qingfei,9995,0,9999,4
1696417925583,BGRD 200,193,289010,Leutgeb; Stefan,9996,0,9999,3
1696417925583,BGRD 200,194,289014,Lu; Pengzhe,9997,0,9999,2
1696417925583,BGRD 200,195,289022,Mukamel; Eran A,9998,0,9999,1
1696417925583,BGRD 200,196,289035,Muroyama; Andrew David,9997,0,9999,2
1696417925583,BGRD 200,197,289038,O'Donoghue; Anthony John,9998,0,9999,1
1696417925583,BGRD 200,198,289042,Rana; Tariq,9997,0,9999,2
1696417925583,BGRD 200,199,289052,Risbrough; Victoria Blythe,9998,0,9999,1
1696417925583,BGRD 200,200,289057,Schoeneberg; Johannes,9998,0,9999,1
1696417925583,BGRD 200,201,289060,Sigurdson; Christina,9996,0,9999,3
1696417925583,BGRD 200,202,289063,Steinmetz; Nicole F,9997,0,9999,2
1696417925583,BGRD 200,203,289064,Telese; Francesca,9998,0,9999,1
1696417925583,BGRD 200,204,289066,Wilkinson; Miles Frome,9998,0,9999,1
1696417925583,BGRD 200,205,289067,Ying; Wei,9997,0,9999,2
1696417925583,BGRD 200,206,294265,Kadonaga; James T,9998,0,9999,1
1696417925583,BGRD 200,207,294284,Signer; Robert,9998,0,9999,1
1696417925583,BGRD 200,208,294433,George; Monique Leana,9998,0,9999,1
1696417925583,BGRD 200,209,294442,Wang; Jean Yin Jen,9998,0,9999,1
1696417925583,BGRD 200,210,299910,Chaim; Isaac,9998,0,9999,1
1696417925583,BGRD 200,211,299911,Towers; Christina Garlingt,9997,0,9999,2
1696417925583,BGRD 200,212,299912,Metallo; Christian Michael,9999,0,9999,0
1696417925583,BGRD 200,213,300259,Ramanan; Deepshika,9998,0,9999,1
1696417925583,BGRD 200,214,300260,Amaro; Rommie E,9998,0,9999,1
1696417925583,BGRD 200,215,301541,Castle; Michael James,9995,0,9999,4
1696417925583,BGRD 200,216,301542,Church; Kellie Breen,9999,0,9999,0
1696417925583,BGRD 200,217,301543,Esko; Jeffrey D.,9998,0,9999,1
1696417925583,BGRD 200,218,301544,Furnari; Frank,9999,0,9999,0
1696417925583,BGRD 200,219,301545,Lee; Yun Sok,9998,0,9999,1
1696417925583,BGRD 200,220,301546,Lowy; Andrew,9999,0,9999,0
1696417925583,BGRD 200,221,301547,Makino; Aya,9999,0,9999,0
1696417925583,BGRD 200,222,301554,McHugh; Colleen A,9998,0,9999,1
1696417925583,BGRD 200,223,301555,Morris; Gerald P,9998,0,9999,1
1696417925583,BGRD 200,224,301556,Sheikh; Farah,9998,0,9999,1
1696417925583,BGRD 200,225,301557,Su; Chih-Ying,9997,0,9999,2
1696417925583,BGRD 200,226,301558,Tye; Kay M,9996,0,9999,3
1696417925583,BGRD 200,227,301559,Welsbie; Derek,9998,0,9999,1
1696417925583,BGRD 200,228,301560,Yaksh; Tony L.,9998,0,9999,1
1696417925583,BGRD 200,229,301561,Yang; Jing,9999,0,9999,0
1696417925583,BGRD 200,230,355394,Manor; Uri,9996,0,9999,3
1696417925583,BGRD 200,231,355397,Greenspan; Ralph J.,9998,0,9999,1
1696417925583,BGRD 200,232,359237,Abdel-Azim; Eiman,9999,0,9999,0
1696417925583,BGRD 200,233,359238,Ackerman; Farrell,9999,0,9999,0
1696417925583,BGRD 200,234,359239,Aigner; Stefan,9998,0,9999,1
1696417925583,BGRD 200,235,359240,Anagnostaras; Stephan,9999,0,9999,0
1696417925583,BGRD 200,236,359342,Andersson; Andreas Jerry,9999,0,9999,0
1696417925583,BGRD 200,237,359343,Appelbaum; Lawrence Gregor,9999,0,9999,0
1696417925583,BGRD 200,238,359346,Asahina; Kenta,9999,0,9999,0
1696417925583,BGRD 200,239,359349,Bode; Lars,9999,0,9999,0
1696417925583,BGRD 200,240,359352,Broderick; Lori,9998,0,9999,1
1696417925583,BGRD 200,241,359353,Broide; David Henry,9999,0,9999,0
1696417925583,BGRD 200,242,359357,Bryan; Ru,9999,0,9999,0
1696417925583,BGRD 200,243,359358,Budin; Itay,9998,0,9999,1
1696417925583,BGRD 200,244,359359,Burnett; Lindsey,9998,0,9999,1
1696417925583,BGRD 200,245,359360,Calcutt; Nigel A,9999,0,9999,0
1696417925583,BGRD 200,246,359365,Carlin; Aaron Foster,9998,0,9999,1
1696417925583,BGRD 200,247,359366,Chalasani; Sreekanth,9999,0,9999,0
1696417925583,BGRD 200,248,359371,Cheresh; David A.,9998,0,9999,1
1696417925583,BGRD 200,249,359379,Chi; Neil C.,9999,0,9999,0
1696417925583,BGRD 200,250,359385,Choy; Carolyn Anela,9998,0,9999,1
1696417925583,BGRD 200,251,359419,Christman; Karen,9998,0,9999,1
1696417925583,BGRD 200,252,359455,Corbett; Kevin Daniel,9999,0,9999,0
1696417925583,BGRD 200,253,359456,Corey-Bloom; Jody P,9999,0,9999,0
1696417925583,BGRD 200,254,359457,Debelouchina; Galia T,9998,0,9999,1
1696417925583,BGRD 200,255,359458,Desgrosellier; Jay S.,9998,0,9999,1
1696417925583,BGRD 200,256,359459,Dixon; Jesse,9998,0,9999,1
1696417925583,BGRD 200,257,359460,Dore; Kim Bohemie,9998,0,9999,1
1696417925583,BGRD 200,258,359488,Dorrestein; Pieter,9997,0,9999,2
1696417925583,BGRD 200,259,359489,Eliceiri; Brian,9999,0,9999,0
1696417925583,BGRD 200,260,359604,Engler; Adam J.,9998,0,9999,1
1696417925583,BGRD 200,261,359611,Ferguson; Cole John,9998,0,9999,1
1696417925583,BGRD 200,262,359612,Fuster; Mark M,9998,0,9999,1
1696417925583,BGRD 200,263,359613,Gagneux; Pascal,9999,0,9999,0
1696417925583,BGRD 200,264,360045,Gentner; Tim,9999,0,9999,0
1696417925583,BGRD 200,265,360129,George; Olivier,9998,0,9999,1
1696417925583,BGRD 200,266,360140,Gerwick; William Henry,9999,0,9999,0
1696417925583,BGRD 200,267,360220,Golden; James W,9998,0,9999,1
1696417925583,BGRD 200,268,360257,Guatelli; John C,9998,0,9999,1
1696417925583,BGRD 200,269,360262,Guma; Monica,9998,0,9999,1
1696417925583,BGRD 200,270,360306,Howell; Stephen B.,9999,0,9999,0
1696417925583,BGRD 200,271,360307,Ideker; Trey,9997,0,9999,2
1696417925583,BGRD 200,272,360308,Ignacio; Romeo Castro,9999,0,9999,0
1696417925583,BGRD 200,273,360313,Joshi; Shweta,9998,0,9999,1
1696417925583,BGRD 200,274,360314,Jung; Tzyy-Ping,9999,0,9999,0
1696417925583,BGRD 200,275,360315,Kipps; Thomas J,9999,0,9999,0
1696417925583,BGRD 200,276,360324,Kleinfeld; David,9998,0,9999,1
1696417925583,BGRD 200,277,360331,Kristan; William B.,9998,0,9999,1
1696417925583,BGRD 200,278,360332,Kufareva; Irina,9998,0,9999,1
1696417925583,BGRD 200,279,360333,Laurent; Louise,9998,0,9999,1
1696417925583,BGRD 200,280,360334,Law; Julie A,9999,0,9999,0
1696417925583,BGRD 200,281,360335,Leschziner; Andres E,9998,0,9999,1
1696417925583,BGRD 200,282,360408,Liu; George Yenhsi,9999,0,9999,0
1696417925583,BGRD 200,283,360419,Lopez Ramirez; Miguel Alej,9997,0,9999,2
1696417925583,BGRD 200,284,360431,Lyons; Deirdre Colleen,9998,0,9999,1
1696417925583,BGRD 200,285,360458,Marchetto; Maria Carolina,9999,0,9999,0
1696417925583,BGRD 200,286,360461,Martin; Natasha,9999,0,9999,0
1696417925583,BGRD 200,287,360472,McConville; Patrick James,9999,0,9999,0
1696417925583,BGRD 200,288,360473,McVicker; Graham P,9999,0,9999,0
1696417925583,BGRD 200,289,360475,Mittal; Ravinder K,9998,0,9999,1
1696417925583,BGRD 200,290,360484,Molina; Anthony Joseph,9998,0,9999,1
1696417925583,BGRD 200,291,360486,Niwa; Maho,9999,0,9999,0
1696417925583,BGRD 200,292,360491,Parast; Mana,9998,0,9999,1
1696417925583,BGRD 200,293,360492,Pillus; Lorraine,9998,0,9999,1
1696417925583,BGRD 200,294,360496,Ramanathan; Dhakshin,9999,0,9999,0
1696417925583,BGRD 200,295,360504,Raz; Eyal,9998,0,9999,1
1696417925583,BGRD 200,296,360507,Ren; Bing,9997,0,9999,2
1696417925583,BGRD 200,297,360514,Roberto; Marisa,9999,0,9999,0
1696417925583,BGRD 200,298,360520,Ross; Robert Scott,9999,0,9999,0
1696417925583,BGRD 200,299,360521,Salem; Rany Mansour,9998,0,9999,1
1696417925583,BGRD 200,300,360523,Saltiel; Alan,9997,0,9999,2
1696417925583,BGRD 200,301,360526,Sanchez-Lopez; Elsa,9998,0,9999,1
1696417925583,BGRD 200,302,360537,Schmelz; Eric Alexander,9998,0,9999,1
1696417925583,BGRD 200,303,360538,Sebat; Lilia Mikhailovna,9998,0,9999,1
1696417925583,BGRD 200,304,360540,Sen; George L,9999,0,9999,0
1696417925583,BGRD 200,305,360542,Shahidi; Bahar,9999,0,9999,0
1696417925583,BGRD 200,306,360547,Sicklick; Jason Keith,9999,0,9999,0
1696417925583,BGRD 200,307,360549,Skorobogatko; Yuliya,9999,0,9999,0
1696417925583,BGRD 200,308,360554,Subramani; Suresh,9998,0,9999,1
1696417925583,BGRD 200,309,360559,Tuszynski; Mark Henry,9999,0,9999,0
1696417925583,BGRD 200,310,360586,Wang; Shizhen,9998,0,9999,1
1696417925583,BGRD 200,311,360600,Webster; Nicholas J G,9998,0,9999,1
1696417925583,BGRD 200,312,360601,Wortham; Matthew J,9998,0,9999,1
1696417925583,BGRD 200,313,360603,Young; Jared W.,9998,0,9999,1
1696417925583,BGRD 200,314,360611,Zage; Peter,9999,0,9999,0
1696417925583,BGRD 200,315,360621,Zeidan; Fadel,9998,0,9999,1
1696417925583,BGRD 200,316,360626,Zou; Yimin,9999,0,9999,0
1696417925583,BGRD 200,317,363307,Parast; Mana,9999,0,9999,0
1696417926005,BGSE 200,A00,252859,Tour; Ella & Petrie; Katherine Lynn,9987,0,9999,12
1696417926430,BGSE 205,A00,252860,Bennett; Eric J,7,0,50,43
1696417926430,BGSE 205,C00,252925,Bennett; Eric J,10,0,50,40
1696417926430,BGSE 205,D00,252926,Bennett; Eric J,9,0,50,41
1696417926430,BGSE 205,E00,252963,Bennett; Eric J,17,0,50,33
1696417926869,BIBC 100,A01,251545,Boumechache; Miyyada,147,0,316,169
1696417926869,BIBC 100,B01,289977,Flagg; Matthew Paul,0,3,120,120
1696417927296,BIBC 102,A01,251553,Bozinovic; Goran,69,0,288,219
1696417927296,BIBC 102,B01,251558,Coleman; Aaron B.,65,1,268,203
1696417927723,BIBC 103,A01,251562,Beyhan; Sinem,0,2,0,23
1696417927723,BIBC 103,A02,251584,Beyhan; Sinem,0,2,0,23
1696417927723,BIBC 103,B01,251591,Burg; Michael,0,3,0,23
1696417927723,BIBC 103,B02,251592,Burg; Michael,0,3,0,23
1696417927723,BIBC 103,C01,251594,Boumechache; Miyyada,0,1,0,24
1696417927723,BIBC 103,C02,251609,Boumechache; Miyyada,0,0,0,20
1696417927723,BIBC 103,D01,251611,Coleman; Aaron B.,0,2,0,23
1696417927723,BIBC 103,D02,251612,Coleman; Aaron B.,0,1,0,23
1696417928151,BIBC 194,A00,298940,Flagg; Matthew Paul,0,2,30,30
1696417928588,BICD 100,A01,251628,Smith; Laurie,1,3,75,74
1696417928588,BICD 100,A02,279438,Smith; Laurie,1,2,75,74
1696417928588,BICD 100,A03,279439,Smith; Laurie,2,0,75,73
1696417928588,BICD 100,A04,279483,Smith; Laurie,2,1,75,73
1696417928588,BICD 100,B01,251630,Mueller; Liam O'Connor,0,8,75,75
1696417928588,BICD 100,B02,279596,Mueller; Liam O'Connor,1,6,75,74
1696417928588,BICD 100,B03,279597,Mueller; Liam O'Connor,0,6,75,75
1696417928588,BICD 100,B04,279599,Mueller; Liam O'Connor,0,4,75,75
1696417928588,BICD 100,C01,251639,McDonnell; Lisa Marie,1,1,75,74
1696417928588,BICD 100,C02,277676,McDonnell; Lisa Marie,1,0,75,74
1696417928588,BICD 100,C03,277693,McDonnell; Lisa Marie,0,0,75,75
1696417928588,BICD 100,C04,277694,McDonnell; Lisa Marie,3,0,75,72
1696417929011,BICD 110,A01,251646,Grossman; Emily N,10,0,321,311
1696417929436,BICD 130,A01,251648,Perry; Michael William,4,0,190,186
1696417942002,BICD 140,A01,251654,Zuniga; Elina I,7,0,192,185
1696417942432,BICD 156,A01,251660,Kryazhimskiy; Sergey A,0,0,90,90
1696417942858,BIEB 102,A01,251665,Butler; Shannon Rhey,0,5,325,325
1696417943282,BIEB 121,A00,251666,Holway; David A.,0,7,0,31
1696417943706,BIEB 146,A01,251680,Petrie; Katherine Lynn,2,2,380,378
1696417944129,BIEB 152,B01,251687,Meyer; Justin Raymond,4,6,416,412
1696417944561,BIEB 174,A01,251689,Cleland; Elsa Eleanor & Barton; Andrew David,14,0,224,210
1696417945013,BILD 1,A01,262676,Cooper; Andrew Michael,1,1,84,83
1696417945013,BILD 1,A02,276369,Cooper; Andrew Michael,0,0,83,83
1696417945013,BILD 1,A03,276370,Cooper; Andrew Michael,0,0,84,84
1696417945013,BILD 1,A04,276371,Cooper; Andrew Michael,1,1,83,82
1696417945013,BILD 1,A05,276372,Cooper; Andrew Michael,3,0,83,80
1696417945013,BILD 1,B01,250696,Cooper; Andrew Michael,0,1,84,84
1696417945013,BILD 1,B02,277552,Cooper; Andrew Michael,1,0,83,82
1696417945013,BILD 1,B03,277583,Cooper; Andrew Michael,0,1,83,83
1696417945013,BILD 1,B04,277584,Cooper; Andrew Michael,0,2,84,84
1696417945013,BILD 1,B05,277585,Cooper; Andrew Michael,1,0,83,82
1696417945013,BILD 1,C01,250699,Meaders; Clara Leigh,0,3,84,84
1696417945013,BILD 1,C02,277453,Meaders; Clara Leigh,0,1,84,84
1696417945013,BILD 1,C03,277454,Meaders; Clara Leigh,0,2,83,83
1696417945013,BILD 1,C04,277462,Meaders; Clara Leigh,1,5,83,82
1696417945013,BILD 1,C05,277463,Meaders; Clara Leigh,0,8,83,83
1696417945442,BILD 2,A01,250778,Schroeder; Julian I,0,1,65,65
1696417945442,BILD 2,A02,277065,Schroeder; Julian I,0,0,65,65
1696417945442,BILD 2,A03,277066,Schroeder; Julian I,1,0,65,64
1696417945442,BILD 2,B01,250780,Owens; Melinda Tsao-Ying,18,0,65,47
1696417945442,BILD 2,B02,277067,Owens; Melinda Tsao-Ying,6,0,65,59
1696417945442,BILD 2,B03,277078,Owens; Melinda Tsao-Ying,2,0,65,63
1696417945442,BILD 2,C01,250788,Park; Ji Young,19,0,70,51
1696417945442,BILD 2,C02,277334,Park; Ji Young,53,0,70,17
1696417945442,BILD 2,C03,277339,Park; Ji Young,67,0,70,3
1696417945872,BILD 3,A01,250790,Stockwell; Sarah R,0,0,74,74
1696417945872,BILD 3,A02,277589,Stockwell; Sarah R,0,0,73,73
1696417945872,BILD 3,A03,277590,Stockwell; Sarah R,1,2,74,73
1696417945872,BILD 3,A04,277659,Stockwell; Sarah R,1,1,74,73
1696417945872,BILD 3,B01,250794,Stockwell; Sarah R,0,2,75,75
1696417945872,BILD 3,B02,279430,Stockwell; Sarah R,1,0,75,74
1696417945872,BILD 3,B03,279431,Stockwell; Sarah R,1,3,75,74
1696417945872,BILD 3,B04,279432,Stockwell; Sarah R,0,1,75,75
1696417945872,BILD 3,C01,250804,Butler; Shannon Rhey,0,0,72,72
1696417945872,BILD 3,C02,279484,Butler; Shannon Rhey,1,0,72,71
1696417945872,BILD 3,C03,279485,Butler; Shannon Rhey,0,2,72,72
1696417945872,BILD 3,C04,279486,Butler; Shannon Rhey,0,0,72,72
1696417945872,BILD 3,D01,250815,Hammond; LaTisha Marie,0,5,75,75
1696417945872,BILD 3,D02,279433,Hammond; LaTisha Marie,0,5,75,75
1696417945872,BILD 3,D03,279434,Hammond; LaTisha Marie,0,5,75,75
1696417945872,BILD 3,D04,279435,Hammond; LaTisha Marie,1,4,75,74
1696417946303,BILD 4,A01,250832,Reuther; Keefe,0,7,24,24
1696417946303,BILD 4,A02,250833,Reuther; Keefe,0,5,24,24
1696417946303,BILD 4,A03,250842,Reuther; Keefe,0,7,24,24
1696417946303,BILD 4,A04,250853,Reuther; Keefe,0,6,24,24
1696417946303,BILD 4,A05,250863,Reuther; Keefe,0,2,0,24
1696417946303,BILD 4,A06,250868,Reuther; Keefe,0,2,0,24
1696417946303,BILD 4,A07,250869,Reuther; Keefe,0,2,0,24
1696417946303,BILD 4,A08,250877,Reuther; Keefe,0,6,0,24
1696417946303,BILD 4,B01,250879,Lo; Stanley M.,0,5,24,24
1696417946303,BILD 4,B02,250882,Lo; Stanley M.,0,2,24,24
1696417946303,BILD 4,B03,250883,Lo; Stanley M.,0,4,24,24
1696417946303,BILD 4,B04,250896,Lo; Stanley M.,1,4,24,23
1696417946303,BILD 4,B05,250897,Lo; Stanley M.,0,2,0,24
1696417946303,BILD 4,B06,250898,Lo; Stanley M.,0,3,0,24
1696417946303,BILD 4,B07,250899,Lo; Stanley M.,0,3,0,24
1696417946303,BILD 4,B08,250904,Lo; Stanley M.,0,3,0,23
1696417946303,BILD 4,B09,250905,Lo; Stanley M.,0,3,24,24
1696417946303,BILD 4,B10,250928,Lo; Stanley M.,0,3,24,24
1696417946303,BILD 4,B11,250929,Lo; Stanley M.,0,3,24,24
1696417946303,BILD 4,B12,250930,Lo; Stanley M.,0,4,24,24
1696417946303,BILD 4,B13,250931,Lo; Stanley M.,0,5,0,23
1696417946303,BILD 4,B14,250940,Lo; Stanley M.,0,4,0,24
1696417946303,BILD 4,B15,250941,Lo; Stanley M.,0,4,0,24
1696417946303,BILD 4,B16,250945,Lo; Stanley M.,0,3,0,24
1696417946303,BILD 4,D01,251054,Pickett; Brooke Elizabeth,0,3,24,24
1696417946303,BILD 4,D02,251055,Pickett; Brooke Elizabeth,0,3,24,24
1696417946303,BILD 4,D03,251065,Pickett; Brooke Elizabeth,0,4,24,24
1696417946303,BILD 4,D04,251107,Pickett; Brooke Elizabeth,0,1,24,24
1696417946303,BILD 4,D05,251109,Pickett; Brooke Elizabeth,0,2,0,24
1696417946303,BILD 4,D06,251227,Pickett; Brooke Elizabeth,0,4,0,23
1696417946303,BILD 4,D07,251228,Pickett; Brooke Elizabeth,0,4,0,24
1696417946303,BILD 4,D08,251231,Pickett; Brooke Elizabeth,0,4,0,24
1696417946730,BILD 5,A01,251235,Reuther; Keefe,0,1,64,64
1696417947158,BILD 10,A01,251347,Gustafson-Brown; Cindy,75,0,216,141
1696417947582,BILD 20,A01,277346,Rana; Brinda Kanti,6,0,150,144
1696417948009,BILD 32,A01,251356,Burg; Michael,1,6,250,249
1696417948856,BILD 70,A00,276363,Pogliano; Joseph,0,0,0,30
1696417949281,BILD 80,A00,251463,Pogliano; Joseph,4,0,75,71
1696417949703,BILD 84R,A00,251524,Pogliano; Joseph,11,0,150,139
1696417950132,BILD 87,A00,285657,Saier; Milton H.,0,1,20,20
1696417950132,BILD 87,B00,285658,Saier; Milton H.,0,0,20,20
1696417950562,BILD 99,001,352292,Gage; Fred H,9998,0,9999,1
1696417950562,BILD 99,002,354530,Cherqui; Stephanie,9998,0,9999,1
1696417950562,BILD 99,003,355136,Hui; Enfu,9998,0,9999,1
1696417950988,BIMM 100,A01,251691,Lykke-Andersen; Jens,78,0,319,241
1696417950988,BIMM 100,B01,251693,Pruneda-Paz; Jose L.,1,7,348,347
1696417951412,BIMM 101,A01,251695,Day; Christopher D,0,1,0,24
1696417951412,BIMM 101,A02,251715,Day; Christopher D,0,0,0,23
1696417951412,BIMM 101,A03,251716,Day; Christopher D,0,0,0,25
1696417951412,BIMM 101,A04,251723,Day; Christopher D,0,2,0,24
1696417951412,BIMM 101,C01,251730,Grossman; Emily N,0,1,0,24
1696417951412,BIMM 101,C02,251736,Grossman; Emily N,0,1,0,23
1696417951412,BIMM 101,D01,251743,Rusert; Jessica Marie,0,1,0,23
1696417951412,BIMM 101,D02,251744,Rusert; Jessica Marie,0,1,0,23
1696417951412,BIMM 101,D03,251747,Rusert; Jessica Marie,0,0,0,23
1696417951412,BIMM 101,D04,251750,Rusert; Jessica Marie,0,0,0,23
1696417951412,BIMM 101,E01,251773,McDonnell; Lisa Marie,0,1,0,24
1696417951412,BIMM 101,E02,251776,McDonnell; Lisa Marie,0,2,0,22
1696417951838,BIMM 110,A01,251800,Tour; Ella,14,0,216,202
1696417952263,BIMM 120,A01,251864,Gustafson-Brown; Cindy,120,0,250,130
1696417965224,BIMM 121,A01,251925,Petrie; Katherine Lynn,0,4,0,24
1696417965224,BIMM 121,A02,252045,Petrie; Katherine Lynn,0,4,0,23
1696417965224,BIMM 121,B01,252047,Pickett; Brooke Elizabeth,0,2,0,24
1696417965224,BIMM 121,B02,252048,Pickett; Brooke Elizabeth,0,3,0,24
1696417965224,BIMM 121,C01,252122,Pirino; Giorgia,0,2,0,24
1696417965224,BIMM 121,C02,252123,Pirino; Giorgia,0,1,0,23
1696417965224,BIMM 121,C03,252124,Pirino; Giorgia,0,1,0,22
1696417965224,BIMM 121,C04,252125,Pirino; Giorgia,0,0,0,24
1696417965648,BIMM 122,A01,252127,Russell; Alistair B,2,1,175,173
1696417966077,BIMM 143,A01,252135,Grant; Barry J,0,5,0,39
1696417966077,BIMM 143,B01,252137,Bozinovic; Goran,0,5,0,38
1696417966504,BIMM 194,A00,279722,Karlseder; Jan & Saghatelian; Alan,0,5,40,40
1696417966504,BIMM 194,B00,252138,Golden; James W,1,0,27,26
1696417966504,BIMM 194,D00,252139,Golden; Susan S.,6,0,40,34
1696417966504,BIMM 194,E00,252140,Allen; Eric,2,0,27,25
1696417966504,BIMM 194,F00,252159,Mayfield; Stephen P.,5,0,27,22
1696417966934,BIOM 200A,A00,216979,Sunahara; Roger Ken & Gordts; Philip,3,0,35,32
1696417967359,BIOM 200B,A00,217033,Sunahara; Roger Ken & Gordts; Philip,3,0,35,32
1696417967785,BIOM 201,A00,217040,Daneman; Richard,1,0,39,38
1696417967785,BIOM 201,B00,217044,Staff,35,0,35,0
1696417968209,BIOM 202,A01,217070,Corbett; Kevin Daniel,5,0,30,25
1696417968209,BIOM 202,B00,217094,Staff,29,0,35,6
1696417968209,BIOM 202,C50,217135,Staff,10,0,10,0
1696417968638,BIOM 203A,A00,217139,Corbett; Kevin Daniel,3,0,35,32
1696417969067,BIOM 218,A00,217152,Gagneux; Pascal,4,0,12,8
1696417969496,BIOM 231,A00,254284,Schoeneberg; Johannes,0,1,0,0
1696417969925,BIOM 242,A00,351787,Hamilton; Bruce Alan,3,0,20,17
1696417970349,BIOM 246,A00,300925,Gordts; Philip & Varki; Ajit P & Lewis; Amanda Lark & Godula; Kamil & Gagneux; Pascal & Esko; Jeffrey D. & Bode; Lars,0,0,0,0
1696417970774,BIOM 293,A00,217172,Gustafsson; Asa Birgitta,8,0,35,27
1696417971199,BIOM 294,A00,217182,Miyamoto; Shigeki,0,0,0,0
1696417971624,BIOM 295,A00,217193,Brown; Joan Heller,0,1,0,0
1696417972048,BIOM 296,A00,217195,Staff,6,0,35,29
1696417972484,BIPN 100,A01,252173,Cooke; James Edward,5,6,300,295
1696417972484,BIPN 100,B01,300512,Maita; Isabella Vincenza,154,0,277,123
1696417972484,BIPN 100,C01,252212,Reyes Gonzalez; Catalina,6,0,250,244
1696417972913,BIPN 102,A01,252220,Reyes Gonzalez; Catalina,1,4,242,241
1696417973340,BIPN 105,A01,252224,Armour; Jon Christopher,0,3,0,21
1696417973340,BIPN 105,A02,252229,Armour; Jon Christopher,0,3,0,21
1696417973340,BIPN 105,A03,252230,Armour; Jon Christopher,0,1,0,19
1696417973340,BIPN 105,A04,252231,Armour; Jon Christopher,0,2,0,21
1696417973765,BIPN 140,A01,252233,Owens; Melinda Tsao-Ying,0,7,207,207
1696417974198,BIPN 145,A01,252235,Marino; Marc J,0,0,0,27
1696417974198,BIPN 145,A02,252236,Marino; Marc J,0,0,0,27
1696417974198,BIPN 145,B01,252238,Juavinett; Ashley Lauren,0,0,0,40
1696417974621,BIPN 150,A01,252240,Zou; Yimin,2,0,175,173
1696417975050,BIPN 189,A00,252241,Gentner; Tim,0,13,31,31
1696417987371,BIPN 194,A00,252242,Pekkurnaz Banghart; Gulcin,3,0,27,24
1696417987806,BISP 182,A00,252243,Pogliano; Joseph,9991,0,9999,8
1696417988240,BISP 193,001,290678,Cooke; James Edward,9998,0,9999,1
1696417988240,BISP 193,002,352920,Tour; Ella,9998,0,9999,1
1696417988240,BISP 193,003,353782,Lo; Stanley M.,9996,0,9999,3
1696417988665,BISP 194,A00,252244,Wertheim; Joel Okrent,0,0,30,30
1696417988665,BISP 194,B00,252245,Muroyama; Andrew David,8,0,40,32
1696417989101,BISP 196,001,362950,Skorobogatko; Yuliya,9998,0,9999,1
1696417989101,BISP 196,002,362954,Ideker; Trey,9997,0,9999,2
1696417989101,BISP 196,003,362955,Carlin; Aaron Foster,9998,0,9999,1
1696417989101,BISP 196,004,362958,Pruneda-Paz; Jose L.,9997,0,9999,2
1696417989101,BISP 196,005,362990,Law; Julie A,9998,0,9999,1
1696417989101,BISP 196,006,362991,Zheng; Binhai,9998,0,9999,1
1696417989101,BISP 196,007,362996,Crotty Alexander; Laura E,9998,0,9999,1
1696417989101,BISP 196,008,363008,Daneman; Richard,9998,0,9999,1
1696417989101,BISP 196,009,363041,Muroyama; Andrew David,9998,0,9999,1
1696417989101,BISP 196,010,363042,Kaech; Susan Michelle,9998,0,9999,1
1696417989101,BISP 196,011,363043,Lu; Pengzhe,9998,0,9999,1
1696417989101,BISP 196,012,363044,Zou; Yimin,9998,0,9999,1
1696417989101,BISP 196,013,363053,Wahlin; Karl Jonas,9997,0,9999,2
1696417989101,BISP 196,014,363054,Augustine; Vineet,9998,0,9999,1
1696417989101,BISP 196,015,363055,Leutgeb; Stefan,9999,0,9999,0
1696417989101,BISP 196,016,363056,Gleeson; Joseph Gerard,9998,0,9999,1
1696417989101,BISP 196,017,363066,Hui; Enfu,9998,0,9999,1
1696417989101,BISP 196,018,363089,Castle; Michael James,9998,0,9999,1
1696417989101,BISP 196,019,363090,Zhang; Dong-Er,9998,0,9999,1
1696417989101,BISP 196,020,363091,Allen; Nicola J,9998,0,9999,1
1696417989101,BISP 196,021,363168,Wahlin; Karl Jonas,9999,0,9999,0
1696417989101,BISP 196,022,363169,Abdel-Azim; Eiman,9998,0,9999,1
1696417989101,BISP 196,023,363275,Jiang; Qingfei,9998,0,9999,1
1696417989101,BISP 196,024,363276,Webster; Nicholas J G,9998,0,9999,1
1696417989101,BISP 196,025,363277,Ernst; Andreas,9998,0,9999,1
1696417989101,BISP 196,026,363280,Lim; Byungkook,9998,0,9999,1
1696417989101,BISP 196,027,363281,Yeo; Eugene Wei-Ming,9998,0,9999,1
1696417989101,BISP 196,028,363282,Saltiel; Alan,9998,0,9999,1
1696417989101,BISP 196,029,363283,Goren; Alon M,9998,0,9999,1
1696417989101,BISP 196,030,363284,Kristan; William B.,9998,0,9999,1
1696417989101,BISP 196,031,363287,Wortham; Matthew J,9998,0,9999,1
1696417989101,BISP 196,032,363288,Karin; Michael,9998,0,9999,1
1696417989101,BISP 196,033,363289,Holway; David A.,9998,0,9999,1
1696417989531,BISP 197,001,347277,De Guglielmo; Giordano,9998,0,9999,1
1696417989531,BISP 197,002,347281,Wilhelm; James E.,9966,0,9999,33
1696417989531,BISP 197,003,355386,Zuniga; Elina I,9998,0,9999,1
1696417989531,BISP 197,004,363171,McKay; Dianne B.,9998,0,9999,1
1696417989958,BNFO 281,A00,210124,Gaasterland; Theresa,957,0,999,42
1696417990394,BNFO 283,A00,210125,Benner; Christopher William & Sebat; Lilia Mikhailovna & Chavez; Lukas,12,0,60,48
1696417990818,BNFO 294,A01,210127,Staff,990,0,999,9
1696417991287,CAT 1,A01,217748,Algaze; Guillermo,0,1,16,16
1696417991287,CAT 1,A02,217749,Algaze; Guillermo,0,0,16,16
1696417991287,CAT 1,A03,217752,Algaze; Guillermo,0,0,16,16
1696417991287,CAT 1,A04,217755,Algaze; Guillermo,0,0,16,16
1696417991287,CAT 1,A05,217757,Algaze; Guillermo,1,0,16,15
1696417991287,CAT 1,A06,217758,Algaze; Guillermo,0,0,16,16
1696417991287,CAT 1,A07,217759,Algaze; Guillermo,1,0,16,15
1696417991287,CAT 1,A08,217767,Algaze; Guillermo,0,0,16,16
1696417991287,CAT 1,A09,217775,Algaze; Guillermo,0,0,16,16
1696417991287,CAT 1,A10,217776,Algaze; Guillermo,0,0,16,16
1696417991287,CAT 1,A11,217777,Algaze; Guillermo,0,0,16,16
1696417991287,CAT 1,A12,217778,Algaze; Guillermo,0,0,16,16
1696417991287,CAT 1,A13,217779,Algaze; Guillermo,0,0,16,16
1696417991287,CAT 1,A14,217780,Algaze; Guillermo,0,0,16,16
1696417991287,CAT 1,B01,217782,Bronstein; Phoebe Malan,0,0,16,16
1696417991287,CAT 1,B02,217784,Bronstein; Phoebe Malan,0,0,16,16
1696417991287,CAT 1,B03,217791,Bronstein; Phoebe Malan,0,1,16,16
1696417991287,CAT 1,B04,217792,Bronstein; Phoebe Malan,0,1,16,16
1696417991287,CAT 1,B05,217796,Bronstein; Phoebe Malan,0,1,16,16
1696417991287,CAT 1,B06,217797,Bronstein; Phoebe Malan,0,1,16,16
1696417991287,CAT 1,B07,217880,Bronstein; Phoebe Malan,0,0,16,16
1696417991287,CAT 1,B08,217885,Bronstein; Phoebe Malan,0,0,16,16
1696417991287,CAT 1,B09,217886,Bronstein; Phoebe Malan,0,0,16,16
1696417991287,CAT 1,B10,217887,Bronstein; Phoebe Malan,0,1,16,16
1696417991287,CAT 1,B11,217888,Bronstein; Phoebe Malan,0,0,16,16
1696417991287,CAT 1,B12,217889,Bronstein; Phoebe Malan,0,0,16,16
1696417991287,CAT 1,B13,217890,Bronstein; Phoebe Malan,0,0,16,16
1696417991287,CAT 1,B14,217891,Bronstein; Phoebe Malan,0,1,16,16
1696417991287,CAT 1,B15,217892,Bronstein; Phoebe Malan,0,0,16,16
1696417991287,CAT 1,B16,217893,Bronstein; Phoebe Malan,0,0,16,16
1696417991287,CAT 1,C01,217895,Patterson; Patrick H.,0,1,16,16
1696417991287,CAT 1,C02,217896,Patterson; Patrick H.,0,0,16,16
1696417991287,CAT 1,C03,217897,Patterson; Patrick H.,0,2,16,16
1696417991287,CAT 1,C04,217898,Patterson; Patrick H.,0,2,16,16
1696417991287,CAT 1,C05,217899,Patterson; Patrick H.,0,0,16,16
1696417991287,CAT 1,C06,217912,Patterson; Patrick H.,0,0,16,16
1696417991287,CAT 1,C07,217913,Patterson; Patrick H.,0,0,16,16
1696417991287,CAT 1,C08,217916,Patterson; Patrick H.,0,0,16,16
1696417991287,CAT 1,C09,217918,Patterson; Patrick H.,0,0,16,16
1696417991287,CAT 1,C10,217921,Patterson; Patrick H.,0,0,16,16
1696417991287,CAT 1,C11,217924,Patterson; Patrick H.,0,0,16,16
1696417991287,CAT 1,C13,217927,Patterson; Patrick H.,0,0,16,16
1696417991287,CAT 1,C14,217946,Patterson; Patrick H.,0,1,16,16
1696417991287,CAT 1,C15,217948,Patterson; Patrick H.,0,0,16,16
1696417991287,CAT 1,C16,217950,Patterson; Patrick H.,1,0,16,15
1696417991287,CAT 1,C17,352919,Patterson; Patrick H.,0,0,16,17
1696417991287,CAT 1,D01,217982,Bigham; David Joseph,0,1,16,16
1696417991287,CAT 1,D02,217988,Bigham; David Joseph,0,1,16,16
1696417991287,CAT 1,D03,217989,Bigham; David Joseph,0,1,16,16
1696417991287,CAT 1,D04,217991,Bigham; David Joseph,0,1,16,16
1696417991287,CAT 1,D05,217992,Bigham; David Joseph,0,3,16,16
1696417991287,CAT 1,D06,217993,Bigham; David Joseph,0,0,16,16
1696417991287,CAT 1,D07,218016,Bigham; David Joseph,0,2,16,16
1696417991287,CAT 1,D08,218017,Bigham; David Joseph,0,2,16,16
1696417991287,CAT 1,D09,218041,Bigham; David Joseph,0,1,15,16
1696417991287,CAT 1,D10,218042,Bigham; David Joseph,1,1,16,15
1696417991287,CAT 1,D11,218057,Bigham; David Joseph,0,1,15,16
1696417991287,CAT 1,D12,218077,Bigham; David Joseph,0,1,16,16
1696417991710,CAT 90,A00,218090,Geibel; William,5,0,20,15
1696417992149,CAT 124,A01,218093,Knight; Amy,7,0,10,3
1696417992149,CAT 124,A02,290086,Knight; Amy,10,0,10,0
1696417992149,CAT 124,A03,290092,Knight; Amy,9,0,10,1
1696417992149,CAT 124,A04,290093,Knight; Amy,9,0,10,1
1696417992149,CAT 124,B01,218111,Rose; Becca Rae,3,0,15,12
1696417992664,CAT 125,A00,218112,Vanderschuit; Maya Alysia,0,0,20,20
1696417992664,CAT 125,B00,218113,Vanderschuit; Maya Alysia,0,3,20,20
1696417992664,CAT 125,C00,218117,Vanderschuit; Maya Alysia,2,3,20,18
1696417992664,CAT 125,D00,218119,Morales; Celeste Georgianna,0,2,20,20
1696417992664,CAT 125,E00,218122,Morales; Celeste Georgianna,1,0,20,19
1696417992664,CAT 125,F00,218123,Morales; Celeste Georgianna,0,0,20,20
1696417992664,CAT 125,G00,218228,Rose; Becca Rae,0,2,20,20
1696417992664,CAT 125,H00,218229,Rose; Becca Rae,1,0,20,19
1696417992664,CAT 125,I00,218230,Marchisotto; Jennifer Anne,1,2,20,19
1696417992664,CAT 125,J00,218231,Bigham; David Joseph,0,2,20,20
1696417992664,CAT 125,K00,218236,Bigham; David Joseph,0,1,20,20
1696417992664,CAT 125,L00,218339,Tosun; Adriana,0,2,20,20
1696417992664,CAT 125,M00,218351,Tosun; Adriana,1,0,20,19
1696417992664,CAT 125,N00,218360,Irwin; Matthew Joseph,0,2,20,20
1696417992664,CAT 125,O00,290139,Irwin; Matthew Joseph,0,1,20,20
1696417992664,CAT 125,P00,290130,Irwin; Matthew Joseph,0,1,20,20
1696417992664,CAT 125,Q00,290138,Marchisotto; Jennifer Anne,0,1,20,20
1696417992664,CAT 125,R00,298122,Marchisotto; Jennifer Anne,0,3,20,20
1696417993091,CAT 125R,A00,218371,Tosun; Adriana,0,2,20,20
1696417993091,CAT 125R,B00,218400,Hyland; Tina Mae,0,2,20,20
1696417993091,CAT 125R,C00,218402,Hyland; Tina Mae,0,2,20,20
1696417993091,CAT 125R,D00,218416,Smith; Lauryn Alissa,0,4,19,19
1696417993091,CAT 125R,E00,218418,Smith; Lauryn Alissa,0,4,19,20
1696417993091,CAT 125R,F00,218419,Smith; Lauryn Alissa,1,3,20,19
1696417993091,CAT 125R,G00,295583,Hyland; Tina Mae,0,4,20,20
1696417993515,CAT 200,A00,295847,Popko; Elizabeth Ashley,13,0,20,7
1696417993939,CCS 101,A00,343376,Polonik; Pascal,6,0,30,24
1696417994364,CCS 197,001,362815,Forman; Fonna,9998,0,9999,1
1696417994792,CENG 4,A01,205914,Drews; Aaron,26,0,36,10
1696417994792,CENG 4,A02,205964,Drews; Aaron,2,0,36,34
1696417994792,CENG 4,A03,205975,Drews; Aaron,0,1,36,36
1696417994792,CENG 4,B01,205977,Bae; Jinhye,0,0,36,36
1696417995217,CENG 15R,A00,205987,Lubarda; Vlado,27,0,130,103
1696417995646,CENG 100,A00,205988,Powell; Alyssa,9,0,70,61
1696417995646,CENG 100,B00,205989,Powell; Alyssa,1,2,50,49
1696417996072,CENG 101A,A00,205990,Bae; Jinhye,6,0,150,144
1696417996504,CENG 113,A00,300054,Li; Wan-Lu,23,0,35,12
1696417996927,CENG 114,A00,205991,Jahed Motlagh; Zeinab,1,1,20,19
1696417997357,CENG 120,A00,206006,Li; Yanran,47,0,140,93
